Picked up JAVA_TOOL_OPTIONS: -Dcreate.mixin.audit=true
To honour the JVM settings for this build a single-use Daemon process will be forked. For more on this, please refer to https://docs.gradle.org/9.5.1/userguide/gradle_daemon.html#sec:disabling_the_daemon in the Gradle documentation.
Daemon will be stopped at the end of the build 

> Configure project :
Fabric Loom: 1.17.21

> Task :compileJava
Note: Some input files use or override a deprecated API.
Note: Recompile with -Xlint:deprecation for details.

> Task :processResources UP-TO-DATE
> Task :classes
> Task :generateLog4jConfig
> Task :generateDLIConfig
> Task :configureLaunch
> Task :downloadAssets
> Task :configureClientLaunch

> Task :runClient
Picked up JAVA_TOOL_OPTIONS: -Dcreate.mixin.audit=true
[07:04:59] [main/INFO] (FabricLoader/GameProvider) Loading Minecraft 26.3 with Fabric Loader 0.19.5
[07:04:59] [main/INFO] (FabricLoader/Mappings) Mappings not present!
[07:04:59] [main/WARN] (FabricLoader/Resolution) Warnings were found!
 - Mod 'Mielon's The Sift' (the_sift) 1.1.2 recommends version 4.13.0 or later of lambdynlights, which is missing!
	 - You should install version 4.13.0 or later of lambdynlights for the optimal experience.
[07:04:59] [main/INFO] (FabricLoader) Loading 60 mods:
	- cgs 1.4.9+26.3
	- create 6.0.9-1
	- create_hypertube 0.6.0+26.3
	- createdieselgenerators 1.3.15+26.3
	- fabric-advancement-api-v1 1.0.0+38c7a2d55d
	- fabric-api 0.161.0+26.3
	- fabric-api-base 2.0.6+fcdff87f5d
	- fabric-api-lookup-api-v1 2.0.24+3434d6d95d
	- fabric-biome-api-v1 20.0.9+74ed1ea55d
	- fabric-block-api-v1 3.1.0+0ae6f9115d
	- fabric-block-getter-api-v2 2.0.9+3434d6d95d
	- fabric-client-gametest-api-v1 6.0.7+4be74c3f5d
	- fabric-command-api-v2 3.1.2+fcdff87f5d
	- fabric-content-registries-v0 15.0.4+74ed1ea55d
	- fabric-convention-tags-v2 4.10.3+6b5b47fd5d
	- fabric-crash-report-info-v1 1.0.7+fcdff87f5d
	- fabric-creative-tab-api-v1 5.0.21+fcdff87f5d
	- fabric-data-attachment-api-v1 2.2.30+3434d6d95d
	- fabric-data-generation-api-v1 27.2.4+427eab975d
	- fabric-debug-api-v1 1.0.4+3434d6d95d
	- fabric-dimensions-v1 5.1.19+47f74c985d
	- fabric-entity-events-v1 6.0.4+3434d6d95d
	- fabric-events-interaction-v0 5.3.6+3434d6d95d
	- fabric-game-rule-api-v1 4.0.10+3434d6d95d
	- fabric-gametest-api-v1 4.0.32+3434d6d95d
	- fabric-item-api-v1 14.7.0+cf6bc2db5d
	- fabric-key-mapping-api-v1 2.0.8+3434d6d95d
	- fabric-lifecycle-events-v1 4.1.9+ffef5f675d
	- fabric-loot-api-v3 4.0.8+4068fd645d
	- fabric-menu-api-v1 2.0.27+ed66f0a35d
	- fabric-message-api-v1 7.0.10+3434d6d95d
	- fabric-model-loading-api-v1 8.0.35+fcdff87f5d
	- fabric-networking-api-v1 6.3.8+fcdff87f5d
	- fabric-object-builder-api-v1 24.1.9+3434d6d95d
	- fabric-particles-v1 5.0.24+3434d6d95d
	- fabric-permission-api-v1 1.0.8+fcdff87f5d
	- fabric-recipe-api-v1 10.0.8+fcdff87f5d
	- fabric-registry-sync-v0 8.0.1+fcdff87f5d
	- fabric-renderer-api-v1 17.0.15+79385d0b5d
	- fabric-renderer-indigo 9.1.23+b9d63e335d
	- fabric-rendering-fluids-v1 6.0.6+3434d6d95d
	- fabric-rendering-v1 27.0.14+901a437c5d
	- fabric-resource-conditions-api-v1 6.1.5+3434d6d95d
	- fabric-resource-loader-v0 3.3.26+4fc5413f5d
	- fabric-resource-loader-v1 3.0.4+fcdff87f5d
	- fabric-screen-api-v1 5.2.4+48607d035d
	- fabric-serialization-api-v1 2.0.7+74ed1ea55d
	- fabric-sound-api-v1 2.0.7+3434d6d95d
	- fabric-tag-api-v1 2.1.10+fcdff87f5d
	- fabric-transfer-api-v1 8.0.25+fcdff87f5d
	- fabric-transitive-access-wideners-v1 8.1.16+52268a0e5d
	- fabricloader 0.19.5
	- farmersdelight 26.3-3.6.27+refabricated
	- geckolib 5.5.7
	- java 25
	- minecraft 26.3
	- mixinextras 0.5.5
	- ntgl 3.1.8+26.3
	- siftec 0.1.0+26.3
	- the_sift 1.1.2
[07:04:59] [main/INFO] (FabricLoader/Mixin) SpongePowered MIXIN Subsystem Version=0.8.7 Source=file:/home/runner/.gradle/caches/modules-2/files-2.1/net.fabricmc/sponge-mixin/0.17.4+mixin.0.8.7/5f66cc9f59b8efaa942155a3d5a30599bf6640dd/sponge-mixin-0.17.4+mixin.0.8.7.jar Service=Knot/Fabric Env=CLIENT
[07:05:00] [main/WARN] (FabricLoader/Mixin) Error loading class: net/caffeinemc/mods/sodium/client/render/chunk/compile/pipeline/DefaultFluidRenderer (java.lang.ClassNotFoundException: net/caffeinemc/mods/sodium/client/render/chunk/compile/pipeline/DefaultFluidRenderer)
[07:05:00] [main/WARN] (FabricLoader/Mixin) Error loading class: net/irisshaders/iris/uniforms/WorldTimeUniforms (java.lang.ClassNotFoundException: net/irisshaders/iris/uniforms/WorldTimeUniforms)
[07:05:01] [main/INFO] (FabricLoader/MixinExtras|Service) Initializing MixinExtras via com.llamalad7.mixinextras.service.MixinExtrasServiceImpl(version=0.5.5).
[07:05:03] [Datafixer Bootstrap #0/INFO] (Minecraft) 307 Datafixer optimizations took 493 milliseconds
[07:05:12] [Render thread/INFO] (Minecraft) Environment: Environment[discoveryUrl=https://discovery.minecraftservices.com/minecraft/client, name=PROD]
[07:05:12] [Render thread/INFO] (Minecraft) Setting user: Player492
[07:05:12] [Render thread/INFO] (the_sift) The Sift initialized.
[07:05:14] [Render thread/INFO] (Minecraft) [STDERR]: Failed to read config file: /home/runner/work/SIFTEC/SIFTEC/run/config/create/server.json
[07:05:14] [Render thread/INFO] (Minecraft) [STDERR]: java.nio.file.NoSuchFileException: /home/runner/work/SIFTEC/SIFTEC/run/config/create/server.json
[07:05:14] [Render thread/INFO] (Minecraft) [STDERR]: 	at java.base/sun.nio.fs.UnixException.translateToIOException(UnixException.java:92)
[07:05:14] [Render thread/INFO] (Minecraft) [STDERR]: 	at java.base/sun.nio.fs.UnixException.rethrowAsIOException(UnixException.java:106)
[07:05:14] [Render thread/INFO] (Minecraft) [STDERR]: 	at java.base/sun.nio.fs.UnixException.rethrowAsIOException(UnixException.java:111)
[07:05:14] [Render thread/INFO] (Minecraft) [STDERR]: 	at java.base/sun.nio.fs.UnixFileSystemProvider.newFileChannel(UnixFileSystemProvider.java:213)
[07:05:14] [Render thread/INFO] (Minecraft) [STDERR]: 	at java.base/sun.nio.fs.UnixFileSystemProvider.newByteChannel(UnixFileSystemProvider.java:244)
[07:05:14] [Render thread/INFO] (Minecraft) [STDERR]: 	at java.base/java.nio.file.Files.newByteChannel(Files.java:357)
[07:05:14] [Render thread/INFO] (Minecraft) [STDERR]: 	at java.base/java.nio.file.Files.newByteChannel(Files.java:399)
[07:05:14] [Render thread/INFO] (Minecraft) [STDERR]: 	at java.base/java.nio.file.spi.FileSystemProvider.newInputStream(FileSystemProvider.java:371)
[07:05:14] [Render thread/INFO] (Minecraft) [STDERR]: 	at java.base/java.nio.file.Files.newInputStream(Files.java:154)
[07:05:14] [Render thread/INFO] (Minecraft) [STDERR]: 	at knot//org.apache.commons.io.FileUtils.lambda$readFileToString$14(FileUtils.java:2768)
[07:05:14] [Render thread/INFO] (Minecraft) [STDERR]: 	at knot//org.apache.commons.io.IOUtils.toString(IOUtils.java:3204)
[07:05:14] [Render thread/INFO] (Minecraft) [STDERR]: 	at knot//org.apache.commons.io.IOUtils.toString(IOUtils.java:3179)
[07:05:14] [Render thread/INFO] (Minecraft) [STDERR]: 	at knot//org.apache.commons.io.FileUtils.readFileToString(FileUtils.java:2768)
[07:05:14] [Render thread/INFO] (Minecraft) [STDERR]: 	at knot//com.zurrtum.create.catnip.config.Builder.read(Builder.java:136)
[07:05:14] [Render thread/INFO] (Minecraft) [STDERR]: 	at knot//com.zurrtum.create.catnip.config.Builder.<init>(Builder.java:36)
[07:05:14] [Render thread/INFO] (Minecraft) [STDERR]: 	at knot//com.zurrtum.create.catnip.config.Builder.create(Builder.java:49)
[07:05:14] [Render thread/INFO] (Minecraft) [STDERR]: 	at knot//com.zurrtum.create.catnip.config.Builder.create(Builder.java:44)
[07:05:14] [Render thread/INFO] (Minecraft) [STDERR]: 	at knot//com.zurrtum.create.infrastructure.config.AllConfigs.register(AllConfigs.java:28)
[07:05:14] [Render thread/INFO] (Minecraft) [STDERR]: 	at knot//com.zurrtum.create.Create.onInitialize(Create.java:62)
[07:05:14] [Render thread/INFO] (Minecraft) [STDERR]: 	at net.fabricmc.loader.impl.FabricLoaderImpl.invokeEntrypoints(FabricLoaderImpl.java:409)
[07:05:14] [Render thread/INFO] (Minecraft) [STDERR]: 	at net.fabricmc.loader.impl.game.minecraft.Hooks.startClient(Hooks.java:52)
[07:05:14] [Render thread/INFO] (Minecraft) [STDERR]: 	at knot//net.minecraft.client.Minecraft.<init>(Minecraft.java:469)
[07:05:14] [Render thread/INFO] (Minecraft) [STDERR]: 	at knot//net.minecraft.client.main.Main.main(Main.java:278)
[07:05:14] [Render thread/INFO] (Minecraft) [STDERR]: 	at net.fabricmc.loader.impl.game.minecraft.MinecraftGameProvider.launch(MinecraftGameProvider.java:517)
[07:05:14] [Render thread/INFO] (Minecraft) [STDERR]: 	at net.fabricmc.loader.impl.launch.knot.Knot.launch(Knot.java:72)
[07:05:14] [Render thread/INFO] (Minecraft) [STDERR]: 	at net.fabricmc.loader.impl.launch.knot.KnotClient.main(KnotClient.java:23)
[07:05:14] [Render thread/INFO] (Minecraft) [STDERR]: 	at net.fabricmc.devlaunchinjector.Main.main(Main.java:86)
[07:05:14] [Render thread/INFO] (FD ML Configs) Loaded config farmersdelight-common.json
[07:05:14] [Render thread/INFO] (FD ML Configs) Loaded config farmersdelight-client.json
[07:05:14] [Render thread/INFO] (Indigo) [Indigo] Registering Indigo renderer!
[07:05:14] [Render thread/INFO] (Minecraft) [STDERR]: Failed to read config file: /home/runner/work/SIFTEC/SIFTEC/run/config/flywheel-client.json
[07:05:14] [Render thread/INFO] (Minecraft) [STDERR]: java.nio.file.NoSuchFileException: /home/runner/work/SIFTEC/SIFTEC/run/config/flywheel-client.json
[07:05:14] [Render thread/INFO] (Minecraft) [STDERR]: 	at java.base/sun.nio.fs.UnixException.translateToIOException(UnixException.java:92)
[07:05:14] [Render thread/INFO] (Minecraft) [STDERR]: 	at java.base/sun.nio.fs.UnixException.rethrowAsIOException(UnixException.java:106)
[07:05:14] [Render thread/INFO] (Minecraft) [STDERR]: 	at java.base/sun.nio.fs.UnixException.rethrowAsIOException(UnixException.java:111)
[07:05:14] [Render thread/INFO] (Minecraft) [STDERR]: 	at java.base/sun.nio.fs.UnixFileSystemProvider.newFileChannel(UnixFileSystemProvider.java:213)
[07:05:14] [Render thread/INFO] (Minecraft) [STDERR]: 	at java.base/sun.nio.fs.UnixFileSystemProvider.newByteChannel(UnixFileSystemProvider.java:244)
[07:05:14] [Render thread/INFO] (Minecraft) [STDERR]: 	at java.base/java.nio.file.Files.newByteChannel(Files.java:357)
[07:05:14] [Render thread/INFO] (Minecraft) [STDERR]: 	at java.base/java.nio.file.Files.newByteChannel(Files.java:399)
[07:05:14] [Render thread/INFO] (Minecraft) [STDERR]: 	at java.base/java.nio.file.spi.FileSystemProvider.newInputStream(FileSystemProvider.java:371)
[07:05:14] [Render thread/INFO] (Minecraft) [STDERR]: 	at java.base/java.nio.file.Files.newInputStream(Files.java:154)
[07:05:14] [Render thread/INFO] (Minecraft) [STDERR]: 	at knot//org.apache.commons.io.FileUtils.lambda$readFileToString$14(FileUtils.java:2768)
[07:05:14] [Render thread/INFO] (Minecraft) [STDERR]: 	at knot//org.apache.commons.io.IOUtils.toString(IOUtils.java:3204)
[07:05:14] [Render thread/INFO] (Minecraft) [STDERR]: 	at knot//org.apache.commons.io.IOUtils.toString(IOUtils.java:3179)
[07:05:14] [Render thread/INFO] (Minecraft) [STDERR]: 	at knot//org.apache.commons.io.FileUtils.readFileToString(FileUtils.java:2768)
[07:05:14] [Render thread/INFO] (Minecraft) [STDERR]: 	at knot//com.zurrtum.create.catnip.config.Builder.read(Builder.java:136)
[07:05:14] [Render thread/INFO] (Minecraft) [STDERR]: 	at knot//com.zurrtum.create.catnip.config.Builder.<init>(Builder.java:36)
[07:05:14] [Render thread/INFO] (Minecraft) [STDERR]: 	at knot//com.zurrtum.create.catnip.config.Builder.create(Builder.java:49)
[07:05:14] [Render thread/INFO] (Minecraft) [STDERR]: 	at knot//com.zurrtum.create.client.flywheel.impl.FabricFlwConfig.register(FabricFlwConfig.java:21)
[07:05:14] [Render thread/INFO] (Minecraft) [STDERR]: 	at knot//com.zurrtum.create.client.flywheel.impl.FlwImpl.init(FlwImpl.java:22)
[07:05:14] [Render thread/INFO] (Minecraft) [STDERR]: 	at knot//com.zurrtum.create.client.flywheel.impl.Flywheel.onInitializeClient(Flywheel.java:15)
[07:05:14] [Render thread/INFO] (Minecraft) [STDERR]: 	at knot//com.zurrtum.create.client.Create.onInitializeClient(Create.java:41)
[07:05:14] [Render thread/INFO] (Minecraft) [STDERR]: 	at net.fabricmc.loader.impl.FabricLoaderImpl.invokeEntrypoints(FabricLoaderImpl.java:409)
[07:05:14] [Render thread/INFO] (Minecraft) [STDERR]: 	at net.fabricmc.loader.impl.game.minecraft.Hooks.startClient(Hooks.java:53)
[07:05:14] [Render thread/INFO] (Minecraft) [STDERR]: 	at knot//net.minecraft.client.Minecraft.<init>(Minecraft.java:469)
[07:05:14] [Render thread/INFO] (Minecraft) [STDERR]: 	at knot//net.minecraft.client.main.Main.main(Main.java:278)
[07:05:14] [Render thread/INFO] (Minecraft) [STDERR]: 	at net.fabricmc.loader.impl.game.minecraft.MinecraftGameProvider.launch(MinecraftGameProvider.java:517)
[07:05:14] [Render thread/INFO] (Minecraft) [STDERR]: 	at net.fabricmc.loader.impl.launch.knot.Knot.launch(Knot.java:72)
[07:05:14] [Render thread/INFO] (Minecraft) [STDERR]: 	at net.fabricmc.loader.impl.launch.knot.KnotClient.main(KnotClient.java:23)
[07:05:14] [Render thread/INFO] (Minecraft) [STDERR]: 	at net.fabricmc.devlaunchinjector.Main.main(Main.java:86)
[07:05:14] [Render thread/INFO] (Minecraft) [STDERR]: Failed to read config file: /home/runner/work/SIFTEC/SIFTEC/run/config/ponder-client.json
[07:05:14] [Render thread/INFO] (Minecraft) [STDERR]: java.nio.file.NoSuchFileException: /home/runner/work/SIFTEC/SIFTEC/run/config/ponder-client.json
[07:05:14] [Render thread/INFO] (Minecraft) [STDERR]: 	at java.base/sun.nio.fs.UnixException.translateToIOException(UnixException.java:92)
[07:05:14] [Render thread/INFO] (Minecraft) [STDERR]: 	at java.base/sun.nio.fs.UnixException.rethrowAsIOException(UnixException.java:106)
[07:05:14] [Render thread/INFO] (Minecraft) [STDERR]: 	at java.base/sun.nio.fs.UnixException.rethrowAsIOException(UnixException.java:111)
[07:05:14] [Render thread/INFO] (Minecraft) [STDERR]: 	at java.base/sun.nio.fs.UnixFileSystemProvider.newFileChannel(UnixFileSystemProvider.java:213)
[07:05:14] [Render thread/INFO] (Minecraft) [STDERR]: 	at java.base/sun.nio.fs.UnixFileSystemProvider.newByteChannel(UnixFileSystemProvider.java:244)
[07:05:14] [Render thread/INFO] (Minecraft) [STDERR]: 	at java.base/java.nio.file.Files.newByteChannel(Files.java:357)
[07:05:14] [Render thread/INFO] (Minecraft) [STDERR]: 	at java.base/java.nio.file.Files.newByteChannel(Files.java:399)
[07:05:14] [Render thread/INFO] (Minecraft) [STDERR]: 	at java.base/java.nio.file.spi.FileSystemProvider.newInputStream(FileSystemProvider.java:371)
[07:05:14] [Render thread/INFO] (Minecraft) [STDERR]: 	at java.base/java.nio.file.Files.newInputStream(Files.java:154)
[07:05:14] [Render thread/INFO] (Minecraft) [STDERR]: 	at knot//org.apache.commons.io.FileUtils.lambda$readFileToString$14(FileUtils.java:2768)
[07:05:14] [Render thread/INFO] (Minecraft) [STDERR]: 	at knot//org.apache.commons.io.IOUtils.toString(IOUtils.java:3204)
[07:05:14] [Render thread/INFO] (Minecraft) [STDERR]: 	at knot//org.apache.commons.io.IOUtils.toString(IOUtils.java:3179)
[07:05:14] [Render thread/INFO] (Minecraft) [STDERR]: 	at knot//org.apache.commons.io.FileUtils.readFileToString(FileUtils.java:2768)
[07:05:14] [Render thread/INFO] (Minecraft) [STDERR]: 	at knot//com.zurrtum.create.catnip.config.Builder.read(Builder.java:136)
[07:05:14] [Render thread/INFO] (Minecraft) [STDERR]: 	at knot//com.zurrtum.create.catnip.config.Builder.<init>(Builder.java:36)
[07:05:14] [Render thread/INFO] (Minecraft) [STDERR]: 	at knot//com.zurrtum.create.catnip.config.Builder.create(Builder.java:49)
[07:05:14] [Render thread/INFO] (Minecraft) [STDERR]: 	at knot//com.zurrtum.create.client.ponder.enums.PonderConfig.register(PonderConfig.java:12)
[07:05:14] [Render thread/INFO] (Minecraft) [STDERR]: 	at knot//com.zurrtum.create.client.ponder.Ponder.onInitializeClient(Ponder.java:29)
[07:05:14] [Render thread/INFO] (Minecraft) [STDERR]: 	at knot//com.zurrtum.create.client.Create.onInitializeClient(Create.java:42)
[07:05:14] [Render thread/INFO] (Minecraft) [STDERR]: 	at net.fabricmc.loader.impl.FabricLoaderImpl.invokeEntrypoints(FabricLoaderImpl.java:409)
[07:05:14] [Render thread/INFO] (Minecraft) [STDERR]: 	at net.fabricmc.loader.impl.game.minecraft.Hooks.startClient(Hooks.java:53)
[07:05:14] [Render thread/INFO] (Minecraft) [STDERR]: 	at knot//net.minecraft.client.Minecraft.<init>(Minecraft.java:469)
[07:05:14] [Render thread/INFO] (Minecraft) [STDERR]: 	at knot//net.minecraft.client.main.Main.main(Main.java:278)
[07:05:14] [Render thread/INFO] (Minecraft) [STDERR]: 	at net.fabricmc.loader.impl.game.minecraft.MinecraftGameProvider.launch(MinecraftGameProvider.java:517)
[07:05:14] [Render thread/INFO] (Minecraft) [STDERR]: 	at net.fabricmc.loader.impl.launch.knot.Knot.launch(Knot.java:72)
[07:05:14] [Render thread/INFO] (Minecraft) [STDERR]: 	at net.fabricmc.loader.impl.launch.knot.KnotClient.main(KnotClient.java:23)
[07:05:14] [Render thread/INFO] (Minecraft) [STDERR]: 	at net.fabricmc.devlaunchinjector.Main.main(Main.java:86)
[07:05:14] [Render thread/INFO] (Minecraft) [STDERR]: Failed to read config file: /home/runner/work/SIFTEC/SIFTEC/run/config/vanillin-client.json
[07:05:14] [Render thread/INFO] (Minecraft) [STDERR]: java.nio.file.NoSuchFileException: /home/runner/work/SIFTEC/SIFTEC/run/config/vanillin-client.json
[07:05:14] [Render thread/INFO] (Minecraft) [STDERR]: 	at java.base/sun.nio.fs.UnixException.translateToIOException(UnixException.java:92)
[07:05:14] [Render thread/INFO] (Minecraft) [STDERR]: 	at java.base/sun.nio.fs.UnixException.rethrowAsIOException(UnixException.java:106)
[07:05:14] [Render thread/INFO] (Minecraft) [STDERR]: 	at java.base/sun.nio.fs.UnixException.rethrowAsIOException(UnixException.java:111)
[07:05:14] [Render thread/INFO] (Minecraft) [STDERR]: 	at java.base/sun.nio.fs.UnixFileSystemProvider.newFileChannel(UnixFileSystemProvider.java:213)
[07:05:14] [Render thread/INFO] (Minecraft) [STDERR]: 	at java.base/sun.nio.fs.UnixFileSystemProvider.newByteChannel(UnixFileSystemProvider.java:244)
[07:05:14] [Render thread/INFO] (Minecraft) [STDERR]: 	at java.base/java.nio.file.Files.newByteChannel(Files.java:357)
[07:05:14] [Render thread/INFO] (Minecraft) [STDERR]: 	at java.base/java.nio.file.Files.newByteChannel(Files.java:399)
[07:05:14] [Render thread/INFO] (Minecraft) [STDERR]: 	at java.base/java.nio.file.spi.FileSystemProvider.newInputStream(FileSystemProvider.java:371)
[07:05:14] [Render thread/INFO] (Minecraft) [STDERR]: 	at java.base/java.nio.file.Files.newInputStream(Files.java:154)
[07:05:14] [Render thread/INFO] (Minecraft) [STDERR]: 	at knot//org.apache.commons.io.FileUtils.lambda$readFileToString$14(FileUtils.java:2768)
[07:05:14] [Render thread/INFO] (Minecraft) [STDERR]: 	at knot//org.apache.commons.io.IOUtils.toString(IOUtils.java:3204)
[07:05:14] [Render thread/INFO] (Minecraft) [STDERR]: 	at knot//org.apache.commons.io.IOUtils.toString(IOUtils.java:3179)
[07:05:14] [Render thread/INFO] (Minecraft) [STDERR]: 	at knot//org.apache.commons.io.FileUtils.readFileToString(FileUtils.java:2768)
[07:05:14] [Render thread/INFO] (Minecraft) [STDERR]: 	at knot//com.zurrtum.create.catnip.config.Builder.read(Builder.java:136)
[07:05:14] [Render thread/INFO] (Minecraft) [STDERR]: 	at knot//com.zurrtum.create.catnip.config.Builder.<init>(Builder.java:36)
[07:05:14] [Render thread/INFO] (Minecraft) [STDERR]: 	at knot//com.zurrtum.create.catnip.config.Builder.create(Builder.java:49)
[07:05:14] [Render thread/INFO] (Minecraft) [STDERR]: 	at knot//com.zurrtum.create.client.vanillin.VanillinConfig.register(VanillinConfig.java:115)
[07:05:14] [Render thread/INFO] (Minecraft) [STDERR]: 	at knot//com.zurrtum.create.client.vanillin.Vanillin.onInitializeClient(Vanillin.java:19)
[07:05:14] [Render thread/INFO] (Minecraft) [STDERR]: 	at knot//com.zurrtum.create.client.Create.onInitializeClient(Create.java:43)
[07:05:14] [Render thread/INFO] (Minecraft) [STDERR]: 	at net.fabricmc.loader.impl.FabricLoaderImpl.invokeEntrypoints(FabricLoaderImpl.java:409)
[07:05:14] [Render thread/INFO] (Minecraft) [STDERR]: 	at net.fabricmc.loader.impl.game.minecraft.Hooks.startClient(Hooks.java:53)
[07:05:14] [Render thread/INFO] (Minecraft) [STDERR]: 	at knot//net.minecraft.client.Minecraft.<init>(Minecraft.java:469)
[07:05:14] [Render thread/INFO] (Minecraft) [STDERR]: 	at knot//net.minecraft.client.main.Main.main(Main.java:278)
[07:05:14] [Render thread/INFO] (Minecraft) [STDERR]: 	at net.fabricmc.loader.impl.game.minecraft.MinecraftGameProvider.launch(MinecraftGameProvider.java:517)
[07:05:14] [Render thread/INFO] (Minecraft) [STDERR]: 	at net.fabricmc.loader.impl.launch.knot.Knot.launch(Knot.java:72)
[07:05:14] [Render thread/INFO] (Minecraft) [STDERR]: 	at net.fabricmc.loader.impl.launch.knot.KnotClient.main(KnotClient.java:23)
[07:05:14] [Render thread/INFO] (Minecraft) [STDERR]: 	at net.fabricmc.devlaunchinjector.Main.main(Main.java:86)
[07:05:14] [Render thread/INFO] (Minecraft) [STDERR]: Failed to read config file: /home/runner/work/SIFTEC/SIFTEC/run/config/create/client.json
[07:05:14] [Render thread/INFO] (Minecraft) [STDERR]: java.nio.file.NoSuchFileException: /home/runner/work/SIFTEC/SIFTEC/run/config/create/client.json
[07:05:14] [Render thread/INFO] (Minecraft) [STDERR]: 	at java.base/sun.nio.fs.UnixException.translateToIOException(UnixException.java:92)
[07:05:14] [Render thread/INFO] (Minecraft) [STDERR]: 	at java.base/sun.nio.fs.UnixException.rethrowAsIOException(UnixException.java:106)
[07:05:14] [Render thread/INFO] (Minecraft) [STDERR]: 	at java.base/sun.nio.fs.UnixException.rethrowAsIOException(UnixException.java:111)
[07:05:14] [Render thread/INFO] (Minecraft) [STDERR]: 	at java.base/sun.nio.fs.UnixFileSystemProvider.newFileChannel(UnixFileSystemProvider.java:213)
[07:05:14] [Render thread/INFO] (Minecraft) [STDERR]: 	at java.base/sun.nio.fs.UnixFileSystemProvider.newByteChannel(UnixFileSystemProvider.java:244)
[07:05:14] [Render thread/INFO] (Minecraft) [STDERR]: 	at java.base/java.nio.file.Files.newByteChannel(Files.java:357)
[07:05:14] [Render thread/INFO] (Minecraft) [STDERR]: 	at java.base/java.nio.file.Files.newByteChannel(Files.java:399)
[07:05:14] [Render thread/INFO] (Minecraft) [STDERR]: 	at java.base/java.nio.file.spi.FileSystemProvider.newInputStream(FileSystemProvider.java:371)
[07:05:14] [Render thread/INFO] (Minecraft) [STDERR]: 	at java.base/java.nio.file.Files.newInputStream(Files.java:154)
[07:05:14] [Render thread/INFO] (Minecraft) [STDERR]: 	at knot//org.apache.commons.io.FileUtils.lambda$readFileToString$14(FileUtils.java:2768)
[07:05:14] [Render thread/INFO] (Minecraft) [STDERR]: 	at knot//org.apache.commons.io.IOUtils.toString(IOUtils.java:3204)
[07:05:14] [Render thread/INFO] (Minecraft) [STDERR]: 	at knot//org.apache.commons.io.IOUtils.toString(IOUtils.java:3179)
[07:05:14] [Render thread/INFO] (Minecraft) [STDERR]: 	at knot//org.apache.commons.io.FileUtils.readFileToString(FileUtils.java:2768)
[07:05:14] [Render thread/INFO] (Minecraft) [STDERR]: 	at knot//com.zurrtum.create.catnip.config.Builder.read(Builder.java:136)
[07:05:14] [Render thread/INFO] (Minecraft) [STDERR]: 	at knot//com.zurrtum.create.catnip.config.Builder.<init>(Builder.java:36)
[07:05:14] [Render thread/INFO] (Minecraft) [STDERR]: 	at knot//com.zurrtum.create.catnip.config.Builder.create(Builder.java:49)
[07:05:14] [Render thread/INFO] (Minecraft) [STDERR]: 	at knot//com.zurrtum.create.catnip.config.Builder.create(Builder.java:44)
[07:05:14] [Render thread/INFO] (Minecraft) [STDERR]: 	at knot//com.zurrtum.create.client.infrastructure.config.AllConfigs.register(AllConfigs.java:15)
[07:05:14] [Render thread/INFO] (Minecraft) [STDERR]: 	at knot//com.zurrtum.create.client.Create.onInitializeClient(Create.java:54)
[07:05:14] [Render thread/INFO] (Minecraft) [STDERR]: 	at net.fabricmc.loader.impl.FabricLoaderImpl.invokeEntrypoints(FabricLoaderImpl.java:409)
[07:05:14] [Render thread/INFO] (Minecraft) [STDERR]: 	at net.fabricmc.loader.impl.game.minecraft.Hooks.startClient(Hooks.java:53)
[07:05:14] [Render thread/INFO] (Minecraft) [STDERR]: 	at knot//net.minecraft.client.Minecraft.<init>(Minecraft.java:469)
[07:05:14] [Render thread/INFO] (Minecraft) [STDERR]: 	at knot//net.minecraft.client.main.Main.main(Main.java:278)
[07:05:14] [Render thread/INFO] (Minecraft) [STDERR]: 	at net.fabricmc.loader.impl.game.minecraft.MinecraftGameProvider.launch(MinecraftGameProvider.java:517)
[07:05:14] [Render thread/INFO] (Minecraft) [STDERR]: 	at net.fabricmc.loader.impl.launch.knot.Knot.launch(Knot.java:72)
[07:05:14] [Render thread/INFO] (Minecraft) [STDERR]: 	at net.fabricmc.loader.impl.launch.knot.KnotClient.main(KnotClient.java:23)
[07:05:14] [Render thread/INFO] (Minecraft) [STDERR]: 	at net.fabricmc.devlaunchinjector.Main.main(Main.java:86)
[07:05:15] [Render thread/INFO] (Minecraft) Backend library: LWJGL version 3.4.3-snapshot
[07:05:15] [Render thread/INFO] (Minecraft) SDL [SYSTEM]: App name: Minecraft
[07:05:15] [Render thread/INFO] (Minecraft) SDL [SYSTEM]: App version: 26.3
[07:05:15] [Render thread/INFO] (Minecraft) SDL [SYSTEM]: App ID: com.mojang.minecraft
[07:05:15] [Render thread/INFO] (Minecraft) SDL [SYSTEM]: SDL revision: SDL-3.4.14--128-NOTFOUND
[07:05:15] [Render thread/INFO] (Minecraft) OpenGL debug message: id=1, source=SHADER COMPILER, type=ERROR, severity=HIGH, message='0:1(10): error: GLSL 4.60 is not supported. Supported versions are: 1.10, 1.20, 1.30, 1.40, 1.50, 3.30, 4.00, 4.10, 4.20, 4.30, 4.40, 4.50, 1.00 ES, 3.00 ES, 3.10 ES, and 3.20 ES'
[07:05:15] [Render thread/INFO] (Minecraft) Using graphics backend OpenGL, using drivers: 4.5 (Core Profile) Mesa 25.2.8-0ubuntu0.24.04.4
[07:05:15] [Render thread/INFO] (Minecraft) Using graphics device: llvmpipe (LLVM 20.1.2, 256 bits) (Mesa)
[07:05:15] [Render thread/INFO] (Minecraft) Using graphics device extensions: GL_ARB_multi_draw_indirect, GL_ARB_buffer_storage, GL_ARB_shader_draw_parameters, GL_ARB_base_instance, GL_KHR_debug, GL_ARB_draw_indirect, GL_ARB_clip_control, GL_ARB_vertex_attrib_binding, GL_ARB_direct_state_access, GL_EXT_texture_filter_anisotropic
[07:05:15] [Render thread/INFO] (Minecraft) Created window using SDL video driver: x11
[07:05:16] [Download-1/INFO] (Minecraft) Could not authorize you against Realms server: java.lang.RuntimeException: Failed to parse into SignedJWT: FabricMC
[07:05:16] [Render thread/ERROR] (Minecraft) Error while loading the narrator

com.mojang.text2speech.Narrator$InitializeException: Failed to load library flite
	at knot//com.mojang.text2speech.NarratorLinux$FliteLibrary.loadNative(NarratorLinux.java:82)
	at knot//com.mojang.text2speech.NarratorLinux.<init>(NarratorLinux.java:19)
	at knot//com.mojang.text2speech.Narrator.getNarrator(Narrator.java:41)
	at knot//net.minecraft.client.GameNarrator.<init>(GameNarrator.java:20)
	at knot//net.minecraft.client.Minecraft.<init>(Minecraft.java:740)
	at knot//net.minecraft.client.main.Main.main(Main.java:278)
	at net.fabricmc.loader.impl.game.minecraft.MinecraftGameProvider.launch(MinecraftGameProvider.java:517)
	at net.fabricmc.loader.impl.launch.knot.Knot.launch(Knot.java:72)
	at net.fabricmc.loader.impl.launch.knot.KnotClient.main(KnotClient.java:23)
	at net.fabricmc.devlaunchinjector.Main.main(Main.java:86)
Caused by: java.lang.UnsatisfiedLinkError: Unable to load library 'flite':
libflite.so: cannot open shared object file: No such file or directory
libflite.so: cannot open shared object file: No such file or directory
Native library (linux-x86-64/libflite.so) not found in resource path (/home/runner/work/SIFTEC/SIFTEC/build/classes/java/main:/home/runner/work/SIFTEC/SIFTEC/build/resources/main:/home/runner/.gradle/caches/modules-2/files-2.1/net.fabricmc/fabric-loader/0.19.5/ff9e65cffca4a67f31523e1807fe0855940fcbfa/fabric-loader-0.19.5.jar:/home/runner/.gradle/caches/modules-2/files-2.1/net.fabricmc.fabric-api/fabric-api/0.161.0+26.3/53f9ee02c3702734d90520aa8c9719bf0e1c8d4f/fabric-api-0.161.0+26.3.jar:/home/runner/.gradle/caches/modules-2/files-2.1/org.ow2.asm/asm/9.10.1/ada2141c0cc52ee8f5c48cd5fa4ce0e794f22236/asm-9.10.1.jar:/home/runner/.gradle/caches/modules-2/files-2.1/org.ow2.asm/asm-analysis/9.10.1/8d49f14d51f632cb1d87c88d1ceaf50db0d8af1b/asm-analysis-9.10.1.jar:/home/runner/.gradle/caches/modules-2/files-2.1/org.ow2.asm/asm-commons/9.10.1/4229e4c55fd8e01c23f9fe9884075cc628aacc50/asm-commons-9.10.1.jar:/home/runner/.gradle/caches/modules-2/files-2.1/org.ow2.asm/asm-tree/9.10.1/e244332a17564c1d1572449399a842de35881be2/asm-tree-9.10.1.jar:/home/runner/.gradle/caches/modules-2/files-2.1/org.ow2.asm/asm-util/9.10.1/7bb9d450e8d4cbf9f9e04096c44bbfe7fba80b15/asm-util-9.10.1.jar:/home/runner/.gradle/caches/modules-2/files-2.1/net.fabricmc/sponge-mixin/0.17.4+mixin.0.8.7/5f66cc9f59b8efaa942155a3d5a30599bf6640dd/sponge-mixin-0.17.4+mixin.0.8.7.jar:/home/runner/.gradle/caches/modules-2/files-2.1/io.github.llamalad7/mixinextras-fabric/0.5.5/d1055b99c0ab08a8403fe2da3d79ca28e6340a76/mixinextras-fabric-0.5.5.jar:/home/runner/.gradle/caches/modules-2/files-2.1/net.fabricmc/dev-launch-injector/0.2.1+build.8/da8bef7e6e2f952da707f282bdb46882a0fce5e3/dev-launch-injector-0.2.1+build.8.jar:/home/runner/.gradle/caches/modules-2/files-2.1/net.fabricmc/fabric-log4j-util/1.0.2/ef0b3fb613356feb75a67d54f2fad6f03a006648/fabric-log4j-util-1.0.2.jar:/home/runner/.gradle/caches/modules-2/files-2.1/at.yawk.lz4/lz4-java/1.10.1/f541d7f910fe3d76f38f799c507c48cc81b12ecb/lz4-java-1.10.1.jar:/home/runner/.gradle/caches/modules-2/files-2.1/com.azure/azure-json/1.4.0/fcc1d354dbc3e0300e5276b1bf124d0247799cd8/azure-json-1.4.0.jar:/home/runner/.gradle/caches/modules-2/files-2.1/com.github.oshi/oshi-core/6.9.0/3224870731860cfcd7744581a05b559e94291e7/oshi-core-6.9.0.jar:/home/runner/.gradle/caches/modules-2/files-2.1/com.google.code.gson/gson/2.14.0/efc0e34ede4e3204eaefb84a00e55e8c86634382/gson-2.14.0.jar:/home/runner/.gradle/caches/modules-2/files-2.1/com.google.guava/failureaccess/1.0.3/aeaffd00d57023a2c947393ed251f0354f0985fc/failureaccess-1.0.3.jar:/home/runner/.gradle/caches/modules-2/files-2.1/com.google.guava/guava/33.6.0-jre/c376b13067cc99a5774403530953f7b05a91e218/guava-33.6.0-jre.jar:/home/runner/.gradle/caches/modules-2/files-2.1/com.ibm.icu/icu4j/78.3/6a851a53bb1f25689fc418dcc8935b0d93580adf/icu4j-78.3.jar:/home/runner/.gradle/caches/modules-2/files-2.1/com.microsoft.azure/msal4j/1.24.1/c233f2d047b9755f7041adf21a858c680e4c9242/msal4j-1.24.1.jar:/home/runner/.gradle/caches/modules-2/files-2.1/com.mojang/authlib/10.0.77/add8754cda96cf0cd840441632875648836f8a71/authlib-10.0.77.jar:/home/runner/.gradle/caches/modules-2/files-2.1/com.mojang/blocklist/1.0.10/5c685c5ffa94c4cd39496c7184c1d122e515ecef/blocklist-1.0.10.jar:/home/runner/.gradle/caches/modules-2/files-2.1/com.mojang/brigadier/1.3.11/3373d1e7bf00c8b99bed1ea4efb8c47344e4a887/brigadier-1.3.11.jar:/home/runner/.gradle/caches/modules-2/files-2.1/com.mojang/datafixerupper/10.0.21/b6b2ae770c02e0c1eb90f9985b151e9085a38d0b/datafixerupper-10.0.21.jar:/home/runner/.gradle/caches/modules-2/files-2.1/com.mojang/jtracy/1.14.38/cc2ad81342001b4281c305a298d7f50332354058/jtracy-1.14.38.jar:/home/runner/.gradle/caches/modules-2/files-2.1/com.mojang/jtracy/1.14.38/d2433300f8a4e99595d513546d19ecddc3eaa15e/jtracy-1.14.38-natives-linux.jar:/home/runner/.gradle/caches/modules-2/files-2.1/com.mojang/logging/1.7.12/351cea64a5233361327d8d54c44277041beed97f/logging-1.7.12.jar:/home/runner/.gradle/caches/modules-2/files-2.1/com.mojang/patchy/2.2.10/da05971b07cbb379d002cf7eaec6a2048211fefc/patchy-2.2.10.jar:/home/runner/.gradle/caches/modules-2/files-2.1/com.mojang/text2speech/1.19.12/2e517a75c79d34d32de2b5d68422150836c2133e/text2speech-1.19.12.jar:/home/runner/.gradle/caches/modules-2/files-2.1/commons-codec/commons-codec/1.22.0/6b3eb4beb7058c2a638f5f17bcb388649fd339dd/commons-codec-1.22.0.jar:/home/runner/.gradle/caches/modules-2/files-2.1/commons-io/commons-io/2.20.0/36f3474daec2849c149e877614e7f979b2082cd2/commons-io-2.20.0.jar:/home/runner/.gradle/caches/modules-2/files-2.1/io.netty/netty-buffer/4.2.16.Final/5397ef65dcb60670e0e0dba4854522873af3070/netty-buffer-4.2.16.Final.jar:/home/runner/.gradle/caches/modules-2/files-2.1/io.netty/netty-codec-base/4.2.16.Final/1a01d45a9efc228c6d747525848b065e0656b5f/netty-codec-base-4.2.16.Final.jar:/home/runner/.gradle/caches/modules-2/files-2.1/io.netty/netty-codec-compression/4.2.16.Final/bdbbcfcdbe217b95c14a04df4fc5d31213d5c27c/netty-codec-compression-4.2.16.Final.jar:/home/runner/.gradle/caches/modules-2/files-2.1/io.netty/netty-codec-http/4.2.16.Final/b5e0715df90047ee5a0138c8f704f43c751009e4/netty-codec-http-4.2.16.Final.jar:/home/runner/.gradle/caches/modules-2/files-2.1/io.netty/netty-common/4.2.16.Final/c2bc7fa5acfa2afc777e944d84f0aa65559cc81e/netty-common-4.2.16.Final.jar:/home/runner/.gradle/caches/modules-2/files-2.1/io.netty/netty-handler/4.2.16.Final/cc82873ae4b6d14effe480740ad838de09add70d/netty-handler-4.2.16.Final.jar:/home/runner/.gradle/caches/modules-2/files-2.1/io.netty/netty-resolver/4.2.16.Final/fcea6d64273b59ab9127b68c16ae98af34642139/netty-resolver-4.2.16.Final.jar:/home/runner/.gradle/caches/modules-2/files-2.1/io.netty/netty-transport-classes-epoll/4.2.16.Final/cf90c7b892e284ba9f1545dce170168369b3b9d6/netty-transport-classes-epoll-4.2.16.Final.jar:/home/runner/.gradle/caches/modules-2/files-2.1/io.netty/netty-transport-classes-kqueue/4.2.16.Final/fa2bcf8c71626510f6fae173f78182117b70f7a/netty-transport-classes-kqueue-4.2.16.Final.jar:/home/runner/.gradle/caches/modules-2/files-2.1/io.netty/netty-transport-native-epoll/4.2.16.Final/eed34f3b37b4c46a0cbb49456ccc4e3bd7195e4c/netty-transport-native-epoll-4.2.16.Final-linux-aarch_64.jar:/home/runner/.gradle/caches/modules-2/files-2.1/io.netty/netty-transport-native-epoll/4.2.16.Final/439c24f5c27c220deb042b42e4048d606edeb78d/netty-transport-native-epoll-4.2.16.Final-linux-x86_64.jar:/home/runner/.gradle/caches/modules-2/files-2.1/io.netty/netty-transport-native-unix-common/4.2.16.Final/3cf32390f1b80af890ac44aa0698c2ff58c2a4d7/netty-transport-native-unix-common-4.2.16.Final.jar:/home/runner/.gradle/caches/modules-2/files-2.1/io.netty/netty-transport/4.2.16.Final/ae87a3bec51d503475a19fbd718bf777f2fc06c6/netty-transport-4.2.16.Final.jar:/home/runner/.gradle/caches/modules-2/files-2.1/it.unimi.dsi/fastutil/8.5.18/a6cff377eecc19c2037bf31568a6d7106b50ba1f/fastutil-8.5.18.jar:/home/runner/.gradle/caches/modules-2/files-2.1/net.java.dev.jna/jna-platform/5.17.0/a4934c44d25a9d8c2ddf4203affd20330cb3426f/jna-platform-5.17.0.jar:/home/runner/.gradle/caches/modules-2/files-2.1/net.java.dev.jna/jna/5.17.0/33d12735bef894440780fce64f9758d420c7bae2/jna-5.17.0.jar:/home/runner/.gradle/caches/modules-2/files-2.1/net.sf.jopt-simple/jopt-simple/5.0.4/4fdac2fbe92dfad86aa6e9301736f6b4342a3f5c/jopt-simple-5.0.4.jar:/home/runner/.gradle/caches/modules-2/files-2.1/org.apache.commons/commons-compress/1.28.0/e482f2c7a88dac3c497e96aa420b6a769f59c8d7/commons-compress-1.28.0.jar:/home/runner/.gradle/caches/modules-2/files-2.1/org.apache.commons/commons-lang3/3.20.0/65897b3e5731220962e659e001904af3c3cbeba9/commons-lang3-3.20.0.jar:/home/runner/.gradle/caches/modules-2/files-2.1/org.apache.logging.log4j/log4j-api/2.26.0/ad52af0ecf054a7e3f275a2e180ee06d9c490951/log4j-api-2.26.0.jar:/home/runner/.gradle/caches/modules-2/files-2.1/org.apache.logging.log4j/log4j-core/2.26.0/d267ca60b27ddb075e0b4e75e7875859717bf85f/log4j-core-2.26.0.jar:/home/runner/.gradle/caches/modules-2/files-2.1/org.apache.logging.log4j/log4j-slf4j2-impl/2.26.0/668c0f0e813d83f00a7182533aa658ec7e7a0a0d/log4j-slf4j2-impl-2.26.0.jar:/home/runner/.gradle/caches/modules-2/files-2.1/org.jcraft/jorbis/0.0.17/8872d22b293e8f5d7d56ff92be966e6dc28ebdc6/jorbis-0.0.17.jar:/home/runner/.gradle/caches/modules-2/files-2.1/org.joml/joml/1.10.9/438e036486bad66b189bff385dd07dea4f74a146/joml-1.10.9.jar:/home/runner/.gradle/caches/modules-2/files-2.1/org.jspecify/jspecify/1.0.0/7425a601c1c7ec76645a78d22b8c6a627edee507/jspecify-1.0.0.jar:/home/runner/.gradle/caches/modules-2/files-2.1/org.lwjgl/lwjgl-freetype/3.4.3/d2b12961d44f92860fb1ab501f9c69b7a2975236/lwjgl-freetype-3.4.3.jar:/home/runner/.gradle/caches/modules-2/files-2.1/org.lwjgl/lwjgl-freetype/3.4.3/38f27c9a0fbe000bfb38b295c32944d699e246e9/lwjgl-freetype-3.4.3-natives-linux.jar:/home/runner/.gradle/caches/modules-2/files-2.1/org.lwjgl/lwjgl-jemalloc/3.4.3/350f317eaf5295b1e53f6664ef5fdeeaaa7dcbf0/lwjgl-jemalloc-3.4.3.jar:/home/runner/.gradle/caches/modules-2/files-2.1/org.lwjgl/lwjgl-jemalloc/3.4.3/ca21b4b4c6d223907de645a18436ef6f677a5d4f/lwjgl-jemalloc-3.4.3-natives-linux.jar:/home/runner/.gradle/caches/modules-2/files-2.1/org.lwjgl/lwjgl-openal/3.4.3/32b52cda5af6937a4e4bd321bdb83082025cb332/lwjgl-openal-3.4.3.jar:/home/runner/.gradle/caches/modules-2/files-2.1/org.lwjgl/lwjgl-openal/3.4.3/7daa62f9f7b38b30e8a3d3bc7069e9b2e3cd52f0/lwjgl-openal-3.4.3-natives-linux.jar:/home/runner/.gradle/caches/modules-2/files-2.1/org.lwjgl/lwjgl-opengl/3.4.3/b81769ee48050f8c71e70839505f350bf9219d90/lwjgl-opengl-3.4.3.jar:/home/runner/.gradle/caches/modules-2/files-2.1/org.lwjgl/lwjgl-opengl/3.4.3/ec6fb42167943e94f7f0b14707c1737653c4044b/lwjgl-opengl-3.4.3-natives-linux.jar:/home/runner/.gradle/caches/modules-2/files-2.1/org.lwjgl/lwjgl-sdl/3.4.3/c02146735d6ff70d070c73532b435e5c893a346b/lwjgl-sdl-3.4.3.jar:/home/runner/.gradle/caches/modules-2/files-2.1/org.lwjgl/lwjgl-sdl/3.4.3/6ed1b80b7c211a491612c70e43f27ba1f42cccd0/lwjgl-sdl-3.4.3-natives-linux.jar:/home/runner/.gradle/caches/modules-2/files-2.1/org.lwjgl/lwjgl-shaderc/3.4.3/ba9fbc8fc4d50b3e4b436cc958ddb4abdb05867c/lwjgl-shaderc-3.4.3.jar:/home/runner/.gradle/caches/modules-2/files-2.1/org.lwjgl/lwjgl-shaderc/3.4.3/37faa5824f75901f4961e56805aedf68e13cf8b/lwjgl-shaderc-3.4.3-natives-linux.jar:/home/runner/.gradle/caches/modules-2/files-2.1/org.lwjgl/lwjgl-spvc/3.4.3/98e5b5ef5159100b26a169a9aed6c24e820e3eaa/lwjgl-spvc-3.4.3.jar:/home/runner/.gradle/caches/modules-2/files-2.1/org.lwjgl/lwjgl-spvc/3.4.3/709eb01deec4bdafb7634b125a63fd8de172fc50/lwjgl-spvc-3.4.3-natives-linux.jar:/home/runner/.gradle/caches/modules-2/files-2.1/org.lwjgl/lwjgl-stb/3.4.3/cdce54785bd3758e44a81f345d6260774d921c78/lwjgl-stb-3.4.3.jar:/home/runner/.gradle/caches/modules-2/files-2.1/org.lwjgl/lwjgl-stb/3.4.3/3878e44ce27c12791e570b5c8754ef3b68401dd3/lwjgl-stb-3.4.3-natives-linux.jar:/home/runner/.gradle/caches/modules-2/files-2.1/org.lwjgl/lwjgl-vma/3.4.3/816a6ac87f1e447e5346ca0e7a1078353f51fbd6/lwjgl-vma-3.4.3.jar:/home/runner/.gradle/caches/modules-2/files-2.1/org.lwjgl/lwjgl-vma/3.4.3/3a9a95d3e83f7fc49c6ed8d0e1c853b77662d90e/lwjgl-vma-3.4.3-natives-linux.jar:/home/runner/.gradle/caches/modules-2/files-2.1/org.lwjgl/lwjgl-vulkan/3.4.3/ffdaf1898192059f059d66f9fa37e3debcac10e0/lwjgl-vulkan-3.4.3.jar:/home/runner/.gradle/caches/modules-2/files-2.1/org.lwjgl/lwjgl/3.4.3/7ab5265a73d8a959ed62332d546536ae6be2f0d5/lwjgl-3.4.3.jar:/home/runner/.gradle/caches/modules-2/files-2.1/org.lwjgl/lwjgl/3.4.3/2800e134537db1a175eba41c430b1018eddc48f0/lwjgl-3.4.3-natives-linux.jar:/home/runner/.gradle/caches/modules-2/files-2.1/org.slf4j/slf4j-api/2.0.17/d9e58ac9c7779ba3bf8142aff6c830617a7fe60f/slf4j-api-2.0.17.jar:/home/runner/work/SIFTEC/SIFTEC/.gradle/loom-cache/minecraftMaven/net/minecraft/minecraft-merged-7e9a32a5b8/26.3/minecraft-merged-7e9a32a5b8-26.3.jar:/home/runner/.gradle/caches/modules-2/files-2.1/io.netty/netty-transport-native-kqueue/4.2.16.Final/dd9d41b06355a6a1815d902ee087a693aab83755/netty-transport-native-kqueue-4.2.16.Final-osx-x86_64.jar:/home/runner/.gradle/caches/modules-2/files-2.1/io.netty/netty-transport-native-kqueue/4.2.16.Final/ddb942cad6c0e978caa2215757512b36c5ffacec/netty-transport-native-kqueue-4.2.16.Final-osx-aarch_64.jar:/home/runner/.gradle/caches/modules-2/files-2.1/net.fabricmc.fabric-api/fabric-advancement-api-v1/1.0.0+38c7a2d55d/54c209419f01d579761838892772d4196436752b/fabric-advancement-api-v1-1.0.0+38c7a2d55d.jar:/home/runner/.gradle/caches/modules-2/files-2.1/net.fabricmc.fabric-api/fabric-transfer-api-v1/8.0.25+fcdff87f5d/4680f760ffbd28c38f899488ded76fd7c26082c8/fabric-transfer-api-v1-8.0.25+fcdff87f5d.jar:/home/runner/.gradle/caches/modules-2/files-2.1/net.fabricmc.fabric-api/fabric-api-lookup-api-v1/2.0.24+3434d6d95d/29c412a6baf8e69bf71cab6b7a65b5096ff29a3/fabric-api-lookup-api-v1-2.0.24+3434d6d95d.jar:/home/runner/.gradle/caches/modules-2/files-2.1/net.fabricmc.fabric-api/fabric-block-api-v1/3.1.0+0ae6f9115d/78badf0c664259627830111f2ac0ad2f9f0ff2f7/fabric-block-api-v1-3.1.0+0ae6f9115d.jar:/home/runner/.gradle/caches/modules-2/files-2.1/net.fabricmc.fabric-api/fabric-command-api-v2/3.1.2+fcdff87f5d/69de6c0f1f5926309dad2cd9569027a6d4d99493/fabric-command-api-v2-3.1.2+fcdff87f5d.jar:/home/runner/.gradle/caches/modules-2/files-2.1/net.fabricmc.fabric-api/fabric-content-registries-v0/15.0.4+74ed1ea55d/c316198aeaa747228437e01f8c81efb134dca9f2/fabric-content-registries-v0-15.0.4+74ed1ea55d.jar:/home/runner/.gradle/caches/modules-2/files-2.1/net.fabricmc.fabric-api/fabric-data-generation-api-v1/27.2.4+427eab975d/55b45df85af5f43366fc4a0943f9bf3d5950d2c/fabric-data-generation-api-v1-27.2.4+427eab975d.jar:/home/runner/.gradle/caches/modules-2/files-2.1/net.fabricmc.fabric-api/fabric-convention-tags-v2/4.10.3+6b5b47fd5d/4e4591576deeb6317809bc11e50ecf32a0212c1f/fabric-convention-tags-v2-4.10.3+6b5b47fd5d.jar:/home/runner/.gradle/caches/modules-2/files-2.1/net.fabricmc.fabric-api/fabric-creative-tab-api-v1/5.0.21+fcdff87f5d/c0d1736c1f7b6166f1925eb0bd79f9c97cd1494/fabric-creative-tab-api-v1-5.0.21+fcdff87f5d.jar:/home/runner/.gradle/caches/modules-2/files-2.1/net.fabricmc.fabric-api/fabric-data-attachment-api-v1/2.2.30+3434d6d95d/b31a17053b2113fde7011d5caa54871071f38fe/fabric-data-attachment-api-v1-2.2.30+3434d6d95d.jar:/home/runner/.gradle/caches/modules-2/files-2.1/net.fabricmc.fabric-api/fabric-debug-api-v1/1.0.4+3434d6d95d/e4812b5812a9d92b97604bdf2737780d3cc7612e/fabric-debug-api-v1-1.0.4+3434d6d95d.jar:/home/runner/.gradle/caches/modules-2/files-2.1/net.fabricmc.fabric-api/fabric-dimensions-v1/5.1.19+47f74c985d/2d10026da0876c1e887b512b26d2813a1646c132/fabric-dimensions-v1-5.1.19+47f74c985d.jar:/home/runner/.gradle/caches/modules-2/files-2.1/net.fabricmc.fabric-api/fabric-entity-events-v1/6.0.4+3434d6d95d/731754a9bdfc6784a41d8fb17cd6c08f58fe31e0/fabric-entity-events-v1-6.0.4+3434d6d95d.jar:/home/runner/.gradle/caches/modules-2/files-2.1/net.fabricmc.fabric-api/fabric-events-interaction-v0/5.3.6+3434d6d95d/de80f4728f8559f8e126b857288af8a27da57b81/fabric-events-interaction-v0-5.3.6+3434d6d95d.jar:/home/runner/.gradle/caches/modules-2/files-2.1/net.fabricmc.fabric-api/fabric-game-rule-api-v1/4.0.10+3434d6d95d/3f73b9e94995f6f8a0d38955b98b67ac8d6bb089/fabric-game-rule-api-v1-4.0.10+3434d6d95d.jar:/home/runner/.gradle/caches/modules-2/files-2.1/net.fabricmc.fabric-api/fabric-gametest-api-v1/4.0.32+3434d6d95d/ced6a55e4623994919224b07750f05231dad8c22/fabric-gametest-api-v1-4.0.32+3434d6d95d.jar:/home/runner/.gradle/caches/modules-2/files-2.1/net.fabricmc.fabric-api/fabric-item-api-v1/14.7.0+cf6bc2db5d/9d9e319928f67f49029c86ae56d0414997a534ac/fabric-item-api-v1-14.7.0+cf6bc2db5d.jar:/home/runner/.gradle/caches/modules-2/files-2.1/net.fabricmc.fabric-api/fabric-recipe-api-v1/10.0.8+fcdff87f5d/16ab72f3b3cc37f758a1ac01817b3909b02ce736/fabric-recipe-api-v1-10.0.8+fcdff87f5d.jar:/home/runner/.gradle/caches/modules-2/files-2.1/net.fabricmc.fabric-api/fabric-model-loading-api-v1/8.0.35+fcdff87f5d/51079fee66e5b86d8092981bb1cd19d40a97491e/fabric-model-loading-api-v1-8.0.35+fcdff87f5d.jar:/home/runner/.gradle/caches/modules-2/files-2.1/net.fabricmc.fabric-api/fabric-renderer-indigo/9.1.23+b9d63e335d/d3277e5c11edc7f939ac3ed7f189de56905561c7/fabric-renderer-indigo-9.1.23+b9d63e335d.jar:/home/runner/.gradle/caches/modules-2/files-2.1/net.fabricmc.fabric-api/fabric-renderer-api-v1/17.0.15+79385d0b5d/48172c900e57dbf125490cd132e04fdfdecac7e8/fabric-renderer-api-v1-17.0.15+79385d0b5d.jar:/home/runner/.gradle/caches/modules-2/files-2.1/net.fabricmc.fabric-api/fabric-rendering-v1/27.0.14+901a437c5d/b7b356249f2c16fa58410e8c7694c75f0468a403/fabric-rendering-v1-27.0.14+901a437c5d.jar:/home/runner/.gradle/caches/modules-2/files-2.1/net.fabricmc.fabric-api/fabric-lifecycle-events-v1/4.1.9+ffef5f675d/4184b98a6c1dbfcf6c63dab29cf7f5812d9eaf73/fabric-lifecycle-events-v1-4.1.9+ffef5f675d.jar:/home/runner/.gradle/caches/modules-2/files-2.1/net.fabricmc.fabric-api/fabric-loot-api-v3/4.0.8+4068fd645d/3f74e49f671c5ef812512b9ff6ca35a531f06cf7/fabric-loot-api-v3-4.0.8+4068fd645d.jar:/home/runner/.gradle/caches/modules-2/files-2.1/net.fabricmc.fabric-api/fabric-menu-api-v1/2.0.27+ed66f0a35d/5f52c5da57fbbdd96604ed12bcec0a0fba779dfe/fabric-menu-api-v1-2.0.27+ed66f0a35d.jar:/home/runner/.gradle/caches/modules-2/files-2.1/net.fabricmc.fabric-api/fabric-message-api-v1/7.0.10+3434d6d95d/5b224f019d030f7bb70584866f4f6329fa9a21b3/fabric-message-api-v1-7.0.10+3434d6d95d.jar:/home/runner/.gradle/caches/modules-2/files-2.1/net.fabricmc.fabric-api/fabric-client-gametest-api-v1/6.0.7+4be74c3f5d/b5512c68896b9692f81db7ddc5f2f6d72b18615/fabric-client-gametest-api-v1-6.0.7+4be74c3f5d.jar:/home/runner/.gradle/caches/modules-2/files-2.1/net.fabricmc.fabric-api/fabric-particles-v1/5.0.24+3434d6d95d/f737b753bad5f3b94d9d07985853539f4c6ee416/fabric-particles-v1-5.0.24+3434d6d95d.jar:/home/runner/.gradle/caches/modules-2/files-2.1/net.fabricmc.fabric-api/fabric-object-builder-api-v1/24.1.9+3434d6d95d/24f679e28b1c3a4fd44b339a03161774f880139/fabric-object-builder-api-v1-24.1.9+3434d6d95d.jar:/home/runner/.gradle/caches/modules-2/files-2.1/net.fabricmc.fabric-api/fabric-registry-sync-v0/8.0.1+fcdff87f5d/7c5c6642c01a0d37abccc8546b86833ca2c9e667/fabric-registry-sync-v0-8.0.1+fcdff87f5d.jar:/home/runner/.gradle/caches/modules-2/files-2.1/net.fabricmc.fabric-api/fabric-networking-api-v1/6.3.8+fcdff87f5d/1487018aa4c0cc74d0e32b89c5b2da9b1c00ebb8/fabric-networking-api-v1-6.3.8+fcdff87f5d.jar:/home/runner/.gradle/caches/modules-2/files-2.1/net.fabricmc.fabric-api/fabric-permission-api-v1/1.0.8+fcdff87f5d/b5ffb6d1e882755032aa6b79265e32699be57c88/fabric-permission-api-v1-1.0.8+fcdff87f5d.jar:/home/runner/.gradle/caches/modules-2/files-2.1/net.fabricmc.fabric-api/fabric-rendering-fluids-v1/6.0.6+3434d6d95d/f346710e5fb0751998cb84d4772b1b2827e1ad57/fabric-rendering-fluids-v1-6.0.6+3434d6d95d.jar:/home/runner/.gradle/caches/modules-2/files-2.1/net.fabricmc.fabric-api/fabric-tag-api-v1/2.1.10+fcdff87f5d/6b70d67fcea94ef97a08cda0d7810fd89238a83/fabric-tag-api-v1-2.1.10+fcdff87f5d.jar:/home/runner/.gradle/caches/modules-2/files-2.1/net.fabricmc.fabric-api/fabric-resource-loader-v0/3.3.26+4fc5413f5d/2fd2238d86a13d9f43244d030ae0a33ee8e4d092/fabric-resource-loader-v0-3.3.26+4fc5413f5d.jar:/home/runner/.gradle/caches/modules-2/files-2.1/net.fabricmc.fabric-api/fabric-resource-loader-v1/3.0.4+fcdff87f5d/23991cd88d413af9c9bc9fdaa43e1a4f7156917a/fabric-resource-loader-v1-3.0.4+fcdff87f5d.jar:/home/runner/.gradle/caches/modules-2/files-2.1/net.fabricmc.fabric-api/fabric-screen-api-v1/5.2.4+48607d035d/43207d0cbe1a0098cc0281b62a9a246f05771f9d/fabric-screen-api-v1-5.2.4+48607d035d.jar:/home/runner/.gradle/caches/modules-2/files-2.1/net.fabricmc.fabric-api/fabric-api-base/2.0.6+fcdff87f5d/449053de5093613bbdf6d439bedd431a7ad77da2/fabric-api-base-2.0.6+fcdff87f5d.jar:/home/runner/.gradle/caches/modules-2/files-2.1/net.fabricmc.fabric-api/fabric-biome-api-v1/20.0.9+74ed1ea55d/587c148a61dd7b76db105d39f556dd741fbbbe2f/fabric-biome-api-v1-20.0.9+74ed1ea55d.jar:/home/runner/.gradle/caches/modules-2/files-2.1/net.fabricmc.fabric-api/fabric-block-getter-api-v2/2.0.9+3434d6d95d/56fd2980cfdb2e557bd51dfa743d92bb7befcdb6/fabric-block-getter-api-v2-2.0.9+3434d6d95d.jar:/home/runner/.gradle/caches/modules-2/files-2.1/net.fabricmc.fabric-api/fabric-crash-report-info-v1/1.0.7+fcdff87f5d/a5531952f47841e359bc2ca8cb807add8c76c5c5/fabric-crash-report-info-v1-1.0.7+fcdff87f5d.jar:/home/runner/.gradle/caches/modules-2/files-2.1/net.fabricmc.fabric-api/fabric-key-mapping-api-v1/2.0.8+3434d6d95d/89eb86ef13d05ebc9f725f0c55d9db69abc6fc06/fabric-key-mapping-api-v1-2.0.8+3434d6d95d.jar:/home/runner/.gradle/caches/modules-2/files-2.1/net.fabricmc.fabric-api/fabric-resource-conditions-api-v1/6.1.5+3434d6d95d/c009f3d1b43e3e26053d4809055b265bbbfa7044/fabric-resource-conditions-api-v1-6.1.5+3434d6d95d.jar:/home/runner/.gradle/caches/modules-2/files-2.1/net.fabricmc.fabric-api/fabric-serialization-api-v1/2.0.7+74ed1ea55d/6461e300b93b46986d74f092660dd9d39a1125c0/fabric-serialization-api-v1-2.0.7+74ed1ea55d.jar:/home/runner/.gradle/caches/modules-2/files-2.1/net.fabricmc.fabric-api/fabric-sound-api-v1/2.0.7+3434d6d95d/59e460c1b9e943d662fd0827f0461ff60b7f23d1/fabric-sound-api-v1-2.0.7+3434d6d95d.jar:/home/runner/.gradle/caches/modules-2/files-2.1/net.fabricmc.fabric-api/fabric-transitive-access-wideners-v1/8.1.16+52268a0e5d/8322e1bc6d3e3993dce826a41f4a199944269bcb/fabric-transitive-access-wideners-v1-8.1.16+52268a0e5d.jar)
	at knot//com.sun.jna.NativeLibrary.loadLibrary(NativeLibrary.java:325)
	at knot//com.sun.jna.NativeLibrary.getInstance(NativeLibrary.java:481)
	at knot//com.sun.jna.NativeLibrary.getInstance(NativeLibrary.java:423)
	at knot//com.mojang.text2speech.NarratorLinux$FliteLibrary.loadNative(NarratorLinux.java:80)
	... 9 more
	Suppressed: java.lang.UnsatisfiedLinkError: libflite.so: cannot open shared object file: No such file or directory
		at knot//com.sun.jna.Native.open(Native Method)
		at knot//com.sun.jna.NativeLibrary.loadLibrary(NativeLibrary.java:213)
		... 12 more
	Suppressed: java.lang.UnsatisfiedLinkError: libflite.so: cannot open shared object file: No such file or directory
		at knot//com.sun.jna.Native.open(Native Method)
		at knot//com.sun.jna.NativeLibrary.loadLibrary(NativeLibrary.java:226)
		... 12 more
	Suppressed: java.io.IOException: Native library (linux-x86-64/libflite.so) not found in resource path (/home/runner/work/SIFTEC/SIFTEC/build/classes/java/main:/home/runner/work/SIFTEC/SIFTEC/build/resources/main:/home/runner/.gradle/caches/modules-2/files-2.1/net.fabricmc/fabric-loader/0.19.5/ff9e65cffca4a67f31523e1807fe0855940fcbfa/fabric-loader-0.19.5.jar:/home/runner/.gradle/caches/modules-2/files-2.1/net.fabricmc.fabric-api/fabric-api/0.161.0+26.3/53f9ee02c3702734d90520aa8c9719bf0e1c8d4f/fabric-api-0.161.0+26.3.jar:/home/runner/.gradle/caches/modules-2/files-2.1/org.ow2.asm/asm/9.10.1/ada2141c0cc52ee8f5c48cd5fa4ce0e794f22236/asm-9.10.1.jar:/home/runner/.gradle/caches/modules-2/files-2.1/org.ow2.asm/asm-analysis/9.10.1/8d49f14d51f632cb1d87c88d1ceaf50db0d8af1b/asm-analysis-9.10.1.jar:/home/runner/.gradle/caches/modules-2/files-2.1/org.ow2.asm/asm-commons/9.10.1/4229e4c55fd8e01c23f9fe9884075cc628aacc50/asm-commons-9.10.1.jar:/home/runner/.gradle/caches/modules-2/files-2.1/org.ow2.asm/asm-tree/9.10.1/e244332a17564c1d1572449399a842de35881be2/asm-tree-9.10.1.jar:/home/runner/.gradle/caches/modules-2/files-2.1/org.ow2.asm/asm-util/9.10.1/7bb9d450e8d4cbf9f9e04096c44bbfe7fba80b15/asm-util-9.10.1.jar:/home/runner/.gradle/caches/modules-2/files-2.1/net.fabricmc/sponge-mixin/0.17.4+mixin.0.8.7/5f66cc9f59b8efaa942155a3d5a30599bf6640dd/sponge-mixin-0.17.4+mixin.0.8.7.jar:/home/runner/.gradle/caches/modules-2/files-2.1/io.github.llamalad7/mixinextras-fabric/0.5.5/d1055b99c0ab08a8403fe2da3d79ca28e6340a76/mixinextras-fabric-0.5.5.jar:/home/runner/.gradle/caches/modules-2/files-2.1/net.fabricmc/dev-launch-injector/0.2.1+build.8/da8bef7e6e2f952da707f282bdb46882a0fce5e3/dev-launch-injector-0.2.1+build.8.jar:/home/runner/.gradle/caches/modules-2/files-2.1/net.fabricmc/fabric-log4j-util/1.0.2/ef0b3fb613356feb75a67d54f2fad6f03a006648/fabric-log4j-util-1.0.2.jar:/home/runner/.gradle/caches/modules-2/files-2.1/at.yawk.lz4/lz4-java/1.10.1/f541d7f910fe3d76f38f799c507c48cc81b12ecb/lz4-java-1.10.1.jar:/home/runner/.gradle/caches/modules-2/files-2.1/com.azure/azure-json/1.4.0/fcc1d354dbc3e0300e5276b1bf124d0247799cd8/azure-json-1.4.0.jar:/home/runner/.gradle/caches/modules-2/files-2.1/com.github.oshi/oshi-core/6.9.0/3224870731860cfcd7744581a05b559e94291e7/oshi-core-6.9.0.jar:/home/runner/.gradle/caches/modules-2/files-2.1/com.google.code.gson/gson/2.14.0/efc0e34ede4e3204eaefb84a00e55e8c86634382/gson-2.14.0.jar:/home/runner/.gradle/caches/modules-2/files-2.1/com.google.guava/failureaccess/1.0.3/aeaffd00d57023a2c947393ed251f0354f0985fc/failureaccess-1.0.3.jar:/home/runner/.gradle/caches/modules-2/files-2.1/com.google.guava/guava/33.6.0-jre/c376b13067cc99a5774403530953f7b05a91e218/guava-33.6.0-jre.jar:/home/runner/.gradle/caches/modules-2/files-2.1/com.ibm.icu/icu4j/78.3/6a851a53bb1f25689fc418dcc8935b0d93580adf/icu4j-78.3.jar:/home/runner/.gradle/caches/modules-2/files-2.1/com.microsoft.azure/msal4j/1.24.1/c233f2d047b9755f7041adf21a858c680e4c9242/msal4j-1.24.1.jar:/home/runner/.gradle/caches/modules-2/files-2.1/com.mojang/authlib/10.0.77/add8754cda96cf0cd840441632875648836f8a71/authlib-10.0.77.jar:/home/runner/.gradle/caches/modules-2/files-2.1/com.mojang/blocklist/1.0.10/5c685c5ffa94c4cd39496c7184c1d122e515ecef/blocklist-1.0.10.jar:/home/runner/.gradle/caches/modules-2/files-2.1/com.mojang/brigadier/1.3.11/3373d1e7bf00c8b99bed1ea4efb8c47344e4a887/brigadier-1.3.11.jar:/home/runner/.gradle/caches/modules-2/files-2.1/com.mojang/datafixerupper/10.0.21/b6b2ae770c02e0c1eb90f9985b151e9085a38d0b/datafixerupper-10.0.21.jar:/home/runner/.gradle/caches/modules-2/files-2.1/com.mojang/jtracy/1.14.38/cc2ad81342001b4281c305a298d7f50332354058/jtracy-1.14.38.jar:/home/runner/.gradle/caches/modules-2/files-2.1/com.mojang/jtracy/1.14.38/d2433300f8a4e99595d513546d19ecddc3eaa15e/jtracy-1.14.38-natives-linux.jar:/home/runner/.gradle/caches/modules-2/files-2.1/com.mojang/logging/1.7.12/351cea64a5233361327d8d54c44277041beed97f/logging-1.7.12.jar:/home/runner/.gradle/caches/modules-2/files-2.1/com.mojang/patchy/2.2.10/da05971b07cbb379d002cf7eaec6a2048211fefc/patchy-2.2.10.jar:/home/runner/.gradle/caches/modules-2/files-2.1/com.mojang/text2speech/1.19.12/2e517a75c79d34d32de2b5d68422150836c2133e/text2speech-1.19.12.jar:/home/runner/.gradle/caches/modules-2/files-2.1/commons-codec/commons-codec/1.22.0/6b3eb4beb7058c2a638f5f17bcb388649fd339dd/commons-codec-1.22.0.jar:/home/runner/.gradle/caches/modules-2/files-2.1/commons-io/commons-io/2.20.0/36f3474daec2849c149e877614e7f979b2082cd2/commons-io-2.20.0.jar:/home/runner/.gradle/caches/modules-2/files-2.1/io.netty/netty-buffer/4.2.16.Final/5397ef65dcb60670e0e0dba4854522873af3070/netty-buffer-4.2.16.Final.jar:/home/runner/.gradle/caches/modules-2/files-2.1/io.netty/netty-codec-base/4.2.16.Final/1a01d45a9efc228c6d747525848b065e0656b5f/netty-codec-base-4.2.16.Final.jar:/home/runner/.gradle/caches/modules-2/files-2.1/io.netty/netty-codec-compression/4.2.16.Final/bdbbcfcdbe217b95c14a04df4fc5d31213d5c27c/netty-codec-compression-4.2.16.Final.jar:/home/runner/.gradle/caches/modules-2/files-2.1/io.netty/netty-codec-http/4.2.16.Final/b5e0715df90047ee5a0138c8f704f43c751009e4/netty-codec-http-4.2.16.Final.jar:/home/runner/.gradle/caches/modules-2/files-2.1/io.netty/netty-common/4.2.16.Final/c2bc7fa5acfa2afc777e944d84f0aa65559cc81e/netty-common-4.2.16.Final.jar:/home/runner/.gradle/caches/modules-2/files-2.1/io.netty/netty-handler/4.2.16.Final/cc82873ae4b6d14effe480740ad838de09add70d/netty-handler-4.2.16.Final.jar:/home/runner/.gradle/caches/modules-2/files-2.1/io.netty/netty-resolver/4.2.16.Final/fcea6d64273b59ab9127b68c16ae98af34642139/netty-resolver-4.2.16.Final.jar:/home/runner/.gradle/caches/modules-2/files-2.1/io.netty/netty-transport-classes-epoll/4.2.16.Final/cf90c7b892e284ba9f1545dce170168369b3b9d6/netty-transport-classes-epoll-4.2.16.Final.jar:/home/runner/.gradle/caches/modules-2/files-2.1/io.netty/netty-transport-classes-kqueue/4.2.16.Final/fa2bcf8c71626510f6fae173f78182117b70f7a/netty-transport-classes-kqueue-4.2.16.Final.jar:/home/runner/.gradle/caches/modules-2/files-2.1/io.netty/netty-transport-native-epoll/4.2.16.Final/eed34f3b37b4c46a0cbb49456ccc4e3bd7195e4c/netty-transport-native-epoll-4.2.16.Final-linux-aarch_64.jar:/home/runner/.gradle/caches/modules-2/files-2.1/io.netty/netty-transport-native-epoll/4.2.16.Final/439c24f5c27c220deb042b42e4048d606edeb78d/netty-transport-native-epoll-4.2.16.Final-linux-x86_64.jar:/home/runner/.gradle/caches/modules-2/files-2.1/io.netty/netty-transport-native-unix-common/4.2.16.Final/3cf32390f1b80af890ac44aa0698c2ff58c2a4d7/netty-transport-native-unix-common-4.2.16.Final.jar:/home/runner/.gradle/caches/modules-2/files-2.1/io.netty/netty-transport/4.2.16.Final/ae87a3bec51d503475a19fbd718bf777f2fc06c6/netty-transport-4.2.16.Final.jar:/home/runner/.gradle/caches/modules-2/files-2.1/it.unimi.dsi/fastutil/8.5.18/a6cff377eecc19c2037bf31568a6d7106b50ba1f/fastutil-8.5.18.jar:/home/runner/.gradle/caches/modules-2/files-2.1/net.java.dev.jna/jna-platform/5.17.0/a4934c44d25a9d8c2ddf4203affd20330cb3426f/jna-platform-5.17.0.jar:/home/runner/.gradle/caches/modules-2/files-2.1/net.java.dev.jna/jna/5.17.0/33d12735bef894440780fce64f9758d420c7bae2/jna-5.17.0.jar:/home/runner/.gradle/caches/modules-2/files-2.1/net.sf.jopt-simple/jopt-simple/5.0.4/4fdac2fbe92dfad86aa6e9301736f6b4342a3f5c/jopt-simple-5.0.4.jar:/home/runner/.gradle/caches/modules-2/files-2.1/org.apache.commons/commons-compress/1.28.0/e482f2c7a88dac3c497e96aa420b6a769f59c8d7/commons-compress-1.28.0.jar:/home/runner/.gradle/caches/modules-2/files-2.1/org.apache.commons/commons-lang3/3.20.0/65897b3e5731220962e659e001904af3c3cbeba9/commons-lang3-3.20.0.jar:/home/runner/.gradle/caches/modules-2/files-2.1/org.apache.logging.log4j/log4j-api/2.26.0/ad52af0ecf054a7e3f275a2e180ee06d9c490951/log4j-api-2.26.0.jar:/home/runner/.gradle/caches/modules-2/files-2.1/org.apache.logging.log4j/log4j-core/2.26.0/d267ca60b27ddb075e0b4e75e7875859717bf85f/log4j-core-2.26.0.jar:/home/runner/.gradle/caches/modules-2/files-2.1/org.apache.logging.log4j/log4j-slf4j2-impl/2.26.0/668c0f0e813d83f00a7182533aa658ec7e7a0a0d/log4j-slf4j2-impl-2.26.0.jar:/home/runner/.gradle/caches/modules-2/files-2.1/org.jcraft/jorbis/0.0.17/8872d22b293e8f5d7d56ff92be966e6dc28ebdc6/jorbis-0.0.17.jar:/home/runner/.gradle/caches/modules-2/files-2.1/org.joml/joml/1.10.9/438e036486bad66b189bff385dd07dea4f74a146/joml-1.10.9.jar:/home/runner/.gradle/caches/modules-2/files-2.1/org.jspecify/jspecify/1.0.0/7425a601c1c7ec76645a78d22b8c6a627edee507/jspecify-1.0.0.jar:/home/runner/.gradle/caches/modules-2/files-2.1/org.lwjgl/lwjgl-freetype/3.4.3/d2b12961d44f92860fb1ab501f9c69b7a2975236/lwjgl-freetype-3.4.3.jar:/home/runner/.gradle/caches/modules-2/files-2.1/org.lwjgl/lwjgl-freetype/3.4.3/38f27c9a0fbe000bfb38b295c32944d699e246e9/lwjgl-freetype-3.4.3-natives-linux.jar:/home/runner/.gradle/caches/modules-2/files-2.1/org.lwjgl/lwjgl-jemalloc/3.4.3/350f317eaf5295b1e53f6664ef5fdeeaaa7dcbf0/lwjgl-jemalloc-3.4.3.jar:/home/runner/.gradle/caches/modules-2/files-2.1/org.lwjgl/lwjgl-jemalloc/3.4.3/ca21b4b4c6d223907de645a18436ef6f677a5d4f/lwjgl-jemalloc-3.4.3-natives-linux.jar:/home/runner/.gradle/caches/modules-2/files-2.1/org.lwjgl/lwjgl-openal/3.4.3/32b52cda5af6937a4e4bd321bdb83082025cb332/lwjgl-openal-3.4.3.jar:/home/runner/.gradle/caches/modules-2/files-2.1/org.lwjgl/lwjgl-openal/3.4.3/7daa62f9f7b38b30e8a3d3bc7069e9b2e3cd52f0/lwjgl-openal-3.4.3-natives-linux.jar:/home/runner/.gradle/caches/modules-2/files-2.1/org.lwjgl/lwjgl-opengl/3.4.3/b81769ee48050f8c71e70839505f350bf9219d90/lwjgl-opengl-3.4.3.jar:/home/runner/.gradle/caches/modules-2/files-2.1/org.lwjgl/lwjgl-opengl/3.4.3/ec6fb42167943e94f7f0b14707c1737653c4044b/lwjgl-opengl-3.4.3-natives-linux.jar:/home/runner/.gradle/caches/modules-2/files-2.1/org.lwjgl/lwjgl-sdl/3.4.3/c02146735d6ff70d070c73532b435e5c893a346b/lwjgl-sdl-3.4.3.jar:/home/runner/.gradle/caches/modules-2/files-2.1/org.lwjgl/lwjgl-sdl/3.4.3/6ed1b80b7c211a491612c70e43f27ba1f42cccd0/lwjgl-sdl-3.4.3-natives-linux.jar:/home/runner/.gradle/caches/modules-2/files-2.1/org.lwjgl/lwjgl-shaderc/3.4.3/ba9fbc8fc4d50b3e4b436cc958ddb4abdb05867c/lwjgl-shaderc-3.4.3.jar:/home/runner/.gradle/caches/modules-2/files-2.1/org.lwjgl/lwjgl-shaderc/3.4.3/37faa5824f75901f4961e56805aedf68e13cf8b/lwjgl-shaderc-3.4.3-natives-linux.jar:/home/runner/.gradle/caches/modules-2/files-2.1/org.lwjgl/lwjgl-spvc/3.4.3/98e5b5ef5159100b26a169a9aed6c24e820e3eaa/lwjgl-spvc-3.4.3.jar:/home/runner/.gradle/caches/modules-2/files-2.1/org.lwjgl/lwjgl-spvc/3.4.3/709eb01deec4bdafb7634b125a63fd8de172fc50/lwjgl-spvc-3.4.3-natives-linux.jar:/home/runner/.gradle/caches/modules-2/files-2.1/org.lwjgl/lwjgl-stb/3.4.3/cdce54785bd3758e44a81f345d6260774d921c78/lwjgl-stb-3.4.3.jar:/home/runner/.gradle/caches/modules-2/files-2.1/org.lwjgl/lwjgl-stb/3.4.3/3878e44ce27c12791e570b5c8754ef3b68401dd3/lwjgl-stb-3.4.3-natives-linux.jar:/home/runner/.gradle/caches/modules-2/files-2.1/org.lwjgl/lwjgl-vma/3.4.3/816a6ac87f1e447e5346ca0e7a1078353f51fbd6/lwjgl-vma-3.4.3.jar:/home/runner/.gradle/caches/modules-2/files-2.1/org.lwjgl/lwjgl-vma/3.4.3/3a9a95d3e83f7fc49c6ed8d0e1c853b77662d90e/lwjgl-vma-3.4.3-natives-linux.jar:/home/runner/.gradle/caches/modules-2/files-2.1/org.lwjgl/lwjgl-vulkan/3.4.3/ffdaf1898192059f059d66f9fa37e3debcac10e0/lwjgl-vulkan-3.4.3.jar:/home/runner/.gradle/caches/modules-2/files-2.1/org.lwjgl/lwjgl/3.4.3/7ab5265a73d8a959ed62332d546536ae6be2f0d5/lwjgl-3.4.3.jar:/home/runner/.gradle/caches/modules-2/files-2.1/org.lwjgl/lwjgl/3.4.3/2800e134537db1a175eba41c430b1018eddc48f0/lwjgl-3.4.3-natives-linux.jar:/home/runner/.gradle/caches/modules-2/files-2.1/org.slf4j/slf4j-api/2.0.17/d9e58ac9c7779ba3bf8142aff6c830617a7fe60f/slf4j-api-2.0.17.jar:/home/runner/work/SIFTEC/SIFTEC/.gradle/loom-cache/minecraftMaven/net/minecraft/minecraft-merged-7e9a32a5b8/26.3/minecraft-merged-7e9a32a5b8-26.3.jar:/home/runner/.gradle/caches/modules-2/files-2.1/io.netty/netty-transport-native-kqueue/4.2.16.Final/dd9d41b06355a6a1815d902ee087a693aab83755/netty-transport-native-kqueue-4.2.16.Final-osx-x86_64.jar:/home/runner/.gradle/caches/modules-2/files-2.1/io.netty/netty-transport-native-kqueue/4.2.16.Final/ddb942cad6c0e978caa2215757512b36c5ffacec/netty-transport-native-kqueue-4.2.16.Final-osx-aarch_64.jar:/home/runner/.gradle/caches/modules-2/files-2.1/net.fabricmc.fabric-api/fabric-advancement-api-v1/1.0.0+38c7a2d55d/54c209419f01d579761838892772d4196436752b/fabric-advancement-api-v1-1.0.0+38c7a2d55d.jar:/home/runner/.gradle/caches/modules-2/files-2.1/net.fabricmc.fabric-api/fabric-transfer-api-v1/8.0.25+fcdff87f5d/4680f760ffbd28c38f899488ded76fd7c26082c8/fabric-transfer-api-v1-8.0.25+fcdff87f5d.jar:/home/runner/.gradle/caches/modules-2/files-2.1/net.fabricmc.fabric-api/fabric-api-lookup-api-v1/2.0.24+3434d6d95d/29c412a6baf8e69bf71cab6b7a65b5096ff29a3/fabric-api-lookup-api-v1-2.0.24+3434d6d95d.jar:/home/runner/.gradle/caches/modules-2/files-2.1/net.fabricmc.fabric-api/fabric-block-api-v1/3.1.0+0ae6f9115d/78badf0c664259627830111f2ac0ad2f9f0ff2f7/fabric-block-api-v1-3.1.0+0ae6f9115d.jar:/home/runner/.gradle/caches/modules-2/files-2.1/net.fabricmc.fabric-api/fabric-command-api-v2/3.1.2+fcdff87f5d/69de6c0f1f5926309dad2cd9569027a6d4d99493/fabric-command-api-v2-3.1.2+fcdff87f5d.jar:/home/runner/.gradle/caches/modules-2/files-2.1/net.fabricmc.fabric-api/fabric-content-registries-v0/15.0.4+74ed1ea55d/c316198aeaa747228437e01f8c81efb134dca9f2/fabric-content-registries-v0-15.0.4+74ed1ea55d.jar:/home/runner/.gradle/caches/modules-2/files-2.1/net.fabricmc.fabric-api/fabric-data-generation-api-v1/27.2.4+427eab975d/55b45df85af5f43366fc4a0943f9bf3d5950d2c/fabric-data-generation-api-v1-27.2.4+427eab975d.jar:/home/runner/.gradle/caches/modules-2/files-2.1/net.fabricmc.fabric-api/fabric-convention-tags-v2/4.10.3+6b5b47fd5d/4e4591576deeb6317809bc11e50ecf32a0212c1f/fabric-convention-tags-v2-4.10.3+6b5b47fd5d.jar:/home/runner/.gradle/caches/modules-2/files-2.1/net.fabricmc.fabric-api/fabric-creative-tab-api-v1/5.0.21+fcdff87f5d/c0d1736c1f7b6166f1925eb0bd79f9c97cd1494/fabric-creative-tab-api-v1-5.0.21+fcdff87f5d.jar:/home/runner/.gradle/caches/modules-2/files-2.1/net.fabricmc.fabric-api/fabric-data-attachment-api-v1/2.2.30+3434d6d95d/b31a17053b2113fde7011d5caa54871071f38fe/fabric-data-attachment-api-v1-2.2.30+3434d6d95d.jar:/home/runner/.gradle/caches/modules-2/files-2.1/net.fabricmc.fabric-api/fabric-debug-api-v1/1.0.4+3434d6d95d/e4812b5812a9d92b97604bdf2737780d3cc7612e/fabric-debug-api-v1-1.0.4+3434d6d95d.jar:/home/runner/.gradle/caches/modules-2/files-2.1/net.fabricmc.fabric-api/fabric-dimensions-v1/5.1.19+47f74c985d/2d10026da0876c1e887b512b26d2813a1646c132/fabric-dimensions-v1-5.1.19+47f74c985d.jar:/home/runner/.gradle/caches/modules-2/files-2.1/net.fabricmc.fabric-api/fabric-entity-events-v1/6.0.4+3434d6d95d/731754a9bdfc6784a41d8fb17cd6c08f58fe31e0/fabric-entity-events-v1-6.0.4+3434d6d95d.jar:/home/runner/.gradle/caches/modules-2/files-2.1/net.fabricmc.fabric-api/fabric-events-interaction-v0/5.3.6+3434d6d95d/de80f4728f8559f8e126b857288af8a27da57b81/fabric-events-interaction-v0-5.3.6+3434d6d95d.jar:/home/runner/.gradle/caches/modules-2/files-2.1/net.fabricmc.fabric-api/fabric-game-rule-api-v1/4.0.10+3434d6d95d/3f73b9e94995f6f8a0d38955b98b67ac8d6bb089/fabric-game-rule-api-v1-4.0.10+3434d6d95d.jar:/home/runner/.gradle/caches/modules-2/files-2.1/net.fabricmc.fabric-api/fabric-gametest-api-v1/4.0.32+3434d6d95d/ced6a55e4623994919224b07750f05231dad8c22/fabric-gametest-api-v1-4.0.32+3434d6d95d.jar:/home/runner/.gradle/caches/modules-2/files-2.1/net.fabricmc.fabric-api/fabric-item-api-v1/14.7.0+cf6bc2db5d/9d9e319928f67f49029c86ae56d0414997a534ac/fabric-item-api-v1-14.7.0+cf6bc2db5d.jar:/home/runner/.gradle/caches/modules-2/files-2.1/net.fabricmc.fabric-api/fabric-recipe-api-v1/10.0.8+fcdff87f5d/16ab72f3b3cc37f758a1ac01817b3909b02ce736/fabric-recipe-api-v1-10.0.8+fcdff87f5d.jar:/home/runner/.gradle/caches/modules-2/files-2.1/net.fabricmc.fabric-api/fabric-model-loading-api-v1/8.0.35+fcdff87f5d/51079fee66e5b86d8092981bb1cd19d40a97491e/fabric-model-loading-api-v1-8.0.35+fcdff87f5d.jar:/home/runner/.gradle/caches/modules-2/files-2.1/net.fabricmc.fabric-api/fabric-renderer-indigo/9.1.23+b9d63e335d/d3277e5c11edc7f939ac3ed7f189de56905561c7/fabric-renderer-indigo-9.1.23+b9d63e335d.jar:/home/runner/.gradle/caches/modules-2/files-2.1/net.fabricmc.fabric-api/fabric-renderer-api-v1/17.0.15+79385d0b5d/48172c900e57dbf125490cd132e04fdfdecac7e8/fabric-renderer-api-v1-17.0.15+79385d0b5d.jar:/home/runner/.gradle/caches/modules-2/files-2.1/net.fabricmc.fabric-api/fabric-rendering-v1/27.0.14+901a437c5d/b7b356249f2c16fa58410e8c7694c75f0468a403/fabric-rendering-v1-27.0.14+901a437c5d.jar:/home/runner/.gradle/caches/modules-2/files-2.1/net.fabricmc.fabric-api/fabric-lifecycle-events-v1/4.1.9+ffef5f675d/4184b98a6c1dbfcf6c63dab29cf7f5812d9eaf73/fabric-lifecycle-events-v1-4.1.9+ffef5f675d.jar:/home/runner/.gradle/caches/modules-2/files-2.1/net.fabricmc.fabric-api/fabric-loot-api-v3/4.0.8+4068fd645d/3f74e49f671c5ef812512b9ff6ca35a531f06cf7/fabric-loot-api-v3-4.0.8+4068fd645d.jar:/home/runner/.gradle/caches/modules-2/files-2.1/net.fabricmc.fabric-api/fabric-menu-api-v1/2.0.27+ed66f0a35d/5f52c5da57fbbdd96604ed12bcec0a0fba779dfe/fabric-menu-api-v1-2.0.27+ed66f0a35d.jar:/home/runner/.gradle/caches/modules-2/files-2.1/net.fabricmc.fabric-api/fabric-message-api-v1/7.0.10+3434d6d95d/5b224f019d030f7bb70584866f4f6329fa9a21b3/fabric-message-api-v1-7.0.10+3434d6d95d.jar:/home/runner/.gradle/caches/modules-2/files-2.1/net.fabricmc.fabric-api/fabric-client-gametest-api-v1/6.0.7+4be74c3f5d/b5512c68896b9692f81db7ddc5f2f6d72b18615/fabric-client-gametest-api-v1-6.0.7+4be74c3f5d.jar:/home/runner/.gradle/caches/modules-2/files-2.1/net.fabricmc.fabric-api/fabric-particles-v1/5.0.24+3434d6d95d/f737b753bad5f3b94d9d07985853539f4c6ee416/fabric-particles-v1-5.0.24+3434d6d95d.jar:/home/runner/.gradle/caches/modules-2/files-2.1/net.fabricmc.fabric-api/fabric-object-builder-api-v1/24.1.9+3434d6d95d/24f679e28b1c3a4fd44b339a03161774f880139/fabric-object-builder-api-v1-24.1.9+3434d6d95d.jar:/home/runner/.gradle/caches/modules-2/files-2.1/net.fabricmc.fabric-api/fabric-registry-sync-v0/8.0.1+fcdff87f5d/7c5c6642c01a0d37abccc8546b86833ca2c9e667/fabric-registry-sync-v0-8.0.1+fcdff87f5d.jar:/home/runner/.gradle/caches/modules-2/files-2.1/net.fabricmc.fabric-api/fabric-networking-api-v1/6.3.8+fcdff87f5d/1487018aa4c0cc74d0e32b89c5b2da9b1c00ebb8/fabric-networking-api-v1-6.3.8+fcdff87f5d.jar:/home/runner/.gradle/caches/modules-2/files-2.1/net.fabricmc.fabric-api/fabric-permission-api-v1/1.0.8+fcdff87f5d/b5ffb6d1e882755032aa6b79265e32699be57c88/fabric-permission-api-v1-1.0.8+fcdff87f5d.jar:/home/runner/.gradle/caches/modules-2/files-2.1/net.fabricmc.fabric-api/fabric-rendering-fluids-v1/6.0.6+3434d6d95d/f346710e5fb0751998cb84d4772b1b2827e1ad57/fabric-rendering-fluids-v1-6.0.6+3434d6d95d.jar:/home/runner/.gradle/caches/modules-2/files-2.1/net.fabricmc.fabric-api/fabric-tag-api-v1/2.1.10+fcdff87f5d/6b70d67fcea94ef97a08cda0d7810fd89238a83/fabric-tag-api-v1-2.1.10+fcdff87f5d.jar:/home/runner/.gradle/caches/modules-2/files-2.1/net.fabricmc.fabric-api/fabric-resource-loader-v0/3.3.26+4fc5413f5d/2fd2238d86a13d9f43244d030ae0a33ee8e4d092/fabric-resource-loader-v0-3.3.26+4fc5413f5d.jar:/home/runner/.gradle/caches/modules-2/files-2.1/net.fabricmc.fabric-api/fabric-resource-loader-v1/3.0.4+fcdff87f5d/23991cd88d413af9c9bc9fdaa43e1a4f7156917a/fabric-resource-loader-v1-3.0.4+fcdff87f5d.jar:/home/runner/.gradle/caches/modules-2/files-2.1/net.fabricmc.fabric-api/fabric-screen-api-v1/5.2.4+48607d035d/43207d0cbe1a0098cc0281b62a9a246f05771f9d/fabric-screen-api-v1-5.2.4+48607d035d.jar:/home/runner/.gradle/caches/modules-2/files-2.1/net.fabricmc.fabric-api/fabric-api-base/2.0.6+fcdff87f5d/449053de5093613bbdf6d439bedd431a7ad77da2/fabric-api-base-2.0.6+fcdff87f5d.jar:/home/runner/.gradle/caches/modules-2/files-2.1/net.fabricmc.fabric-api/fabric-biome-api-v1/20.0.9+74ed1ea55d/587c148a61dd7b76db105d39f556dd741fbbbe2f/fabric-biome-api-v1-20.0.9+74ed1ea55d.jar:/home/runner/.gradle/caches/modules-2/files-2.1/net.fabricmc.fabric-api/fabric-block-getter-api-v2/2.0.9+3434d6d95d/56fd2980cfdb2e557bd51dfa743d92bb7befcdb6/fabric-block-getter-api-v2-2.0.9+3434d6d95d.jar:/home/runner/.gradle/caches/modules-2/files-2.1/net.fabricmc.fabric-api/fabric-crash-report-info-v1/1.0.7+fcdff87f5d/a5531952f47841e359bc2ca8cb807add8c76c5c5/fabric-crash-report-info-v1-1.0.7+fcdff87f5d.jar:/home/runner/.gradle/caches/modules-2/files-2.1/net.fabricmc.fabric-api/fabric-key-mapping-api-v1/2.0.8+3434d6d95d/89eb86ef13d05ebc9f725f0c55d9db69abc6fc06/fabric-key-mapping-api-v1-2.0.8+3434d6d95d.jar:/home/runner/.gradle/caches/modules-2/files-2.1/net.fabricmc.fabric-api/fabric-resource-conditions-api-v1/6.1.5+3434d6d95d/c009f3d1b43e3e26053d4809055b265bbbfa7044/fabric-resource-conditions-api-v1-6.1.5+3434d6d95d.jar:/home/runner/.gradle/caches/modules-2/files-2.1/net.fabricmc.fabric-api/fabric-serialization-api-v1/2.0.7+74ed1ea55d/6461e300b93b46986d74f092660dd9d39a1125c0/fabric-serialization-api-v1-2.0.7+74ed1ea55d.jar:/home/runner/.gradle/caches/modules-2/files-2.1/net.fabricmc.fabric-api/fabric-sound-api-v1/2.0.7+3434d6d95d/59e460c1b9e943d662fd0827f0461ff60b7f23d1/fabric-sound-api-v1-2.0.7+3434d6d95d.jar:/home/runner/.gradle/caches/modules-2/files-2.1/net.fabricmc.fabric-api/fabric-transitive-access-wideners-v1/8.1.16+52268a0e5d/8322e1bc6d3e3993dce826a41f4a199944269bcb/fabric-transitive-access-wideners-v1-8.1.16+52268a0e5d.jar)
		at knot//com.sun.jna.Native.extractFromResourcePath(Native.java:1141)
		at knot//com.sun.jna.NativeLibrary.loadLibrary(NativeLibrary.java:297)
		... 12 more
[07:05:16] [Render thread/INFO] (Minecraft) Reloading ResourceManager: vanilla, vanilla, cgs, create, create_hypertube, createdieselgenerators, fabric-advancement-api-v1, fabric-api, fabric-api-base, fabric-api-lookup-api-v1, fabric-biome-api-v1, fabric-block-api-v1, fabric-block-getter-api-v2, fabric-client-gametest-api-v1, fabric-command-api-v2, fabric-content-registries-v0, fabric-convention-tags-v2, fabric-crash-report-info-v1, fabric-creative-tab-api-v1, fabric-data-attachment-api-v1, fabric-data-generation-api-v1, fabric-debug-api-v1, fabric-dimensions-v1, fabric-entity-events-v1, fabric-events-interaction-v0, fabric-game-rule-api-v1, fabric-gametest-api-v1, fabric-item-api-v1, fabric-key-mapping-api-v1, fabric-lifecycle-events-v1, fabric-loot-api-v3, fabric-menu-api-v1, fabric-message-api-v1, fabric-model-loading-api-v1, fabric-networking-api-v1, fabric-object-builder-api-v1, fabric-particles-v1, fabric-permission-api-v1, fabric-recipe-api-v1, fabric-registry-sync-v0, fabric-renderer-api-v1, fabric-renderer-indigo, fabric-rendering-fluids-v1, fabric-rendering-v1, fabric-resource-conditions-api-v1, fabric-resource-loader-v0, fabric-resource-loader-v1, fabric-screen-api-v1, fabric-serialization-api-v1, fabric-sound-api-v1, fabric-tag-api-v1, fabric-transfer-api-v1, fabric-transitive-access-wideners-v1, fabricloader, farmersdelight, ntgl, siftec, the_sift
[07:05:16] [Worker-Main-3/WARN] (Minecraft) File cgs:sounds/gun/revolver/fire/fire_01.ogg does not exist, cannot add it to event cgs:gun.revolver.fire
[07:05:16] [Worker-Main-3/WARN] (Minecraft) File cgs:sounds/gun/shotgun/fire/fire_03.ogg does not exist, cannot add it to event cgs:gun.shotgun.fire
[07:05:16] [Worker-Main-3/WARN] (Minecraft) File ntgl:sounds/item/assault_rifle/cock.ogg does not exist, cannot add it to event ntgl:item.assault_rifle.cock
[07:05:16] [Worker-Main-3/WARN] (Minecraft) File ntgl:sounds/item/bazooka/fire.ogg does not exist, cannot add it to event ntgl:item.bazooka.fire
[07:05:17] [Worker-Main-2/INFO] (Minecraft) Found unifont_all_no_pua-17.0.01.hex, loading
[07:05:17] [Worker-Main-1/INFO] (Minecraft) Found unifont_pua-17.0.01.hex, loading
[07:05:17] [Worker-Main-2/INFO] (Minecraft) Found unifont_jp_patch-17.0.01.hex, loading
[07:05:19] [Worker-Main-3/WARN] (GeckoLib) cgs:geckolib/models/weapons/blazegun.geo.json: Unknown geo model format version: '1.21.110'. This may not work correctly
[07:05:19] [Worker-Main-3/WARN] (GeckoLib) ntgl:geckolib/models/weapons/classic10mm.geo.json: Unknown geo model format version: '1.21.110'. This may not work correctly
[07:05:19] [Worker-Main-3/WARN] (GeckoLib) ntgl:geckolib/models/weapons/deathclaw_gauntlet.geo.json: Unknown geo model format version: '1.21.110'. This may not work correctly
[07:05:19] [Worker-Main-3/WARN] (GeckoLib) cgs:geckolib/models/weapons/flintlock.geo.json: Unknown geo model format version: '1.21.110'. This may not work correctly
[07:05:19] [Worker-Main-3/WARN] (GeckoLib) cgs:geckolib/models/weapons/frag_grenade.geo.json: Unknown geo model format version: '1.21.110'. This may not work correctly
[07:05:19] [Worker-Main-3/WARN] (GeckoLib) cgs:geckolib/models/weapons/gatling.geo.json: Unknown geo model format version: '1.21.110'. This may not work correctly
[07:05:19] [Worker-Main-3/WARN] (GeckoLib) cgs:geckolib/models/weapons/launcher.geo.json: Unknown geo model format version: '1.21.110'. This may not work correctly
[07:05:19] [Worker-Main-3/WARN] (GeckoLib) cgs:geckolib/models/weapons/nailgun.geo.json: Unknown geo model format version: '1.21.110'. This may not work correctly
[07:05:19] [Worker-Main-3/WARN] (GeckoLib) ntgl:geckolib/models/weapons/pistol10mm.geo.json: Unknown geo model format version: '1.21.110'. This may not work correctly
[07:05:19] [Worker-Main-3/WARN] (GeckoLib) ntgl:geckolib/models/weapons/revolver.geo.json: Unknown geo model format version: '1.21.110'. This may not work correctly
[07:05:19] [Worker-Main-3/WARN] (GeckoLib) cgs:geckolib/models/weapons/shotgun.geo.json: Unknown geo model format version: '1.21.110'. This may not work correctly
[07:05:19] [Render thread/INFO] (PonderIndex) Registering Ponder Scenes took 149.5 ms
[07:05:19] [Render thread/INFO] (PonderIndex) Registering Ponder Tags took 5.709 ms
[07:05:19] [Render thread/INFO] (FabricLoader/Mixin/audit) Force-loading class net.minecraft.data.recipes.SmithingTransformRecipeBuilder
[07:05:19] [Render thread/INFO] (FabricLoader/Mixin/audit) Force-loading class com.zurrtum.create.content.kinetics.RotationPropagator
[07:05:19] [Render thread/INFO] (FabricLoader/Mixin/audit) Force-loading class net.minecraft.world.item.crafting.RecipeMap
[07:05:19] [Render thread/INFO] (FabricLoader/Mixin/audit) Force-loading class net.minecraft.data.recipes.RecipeProvider
[07:05:19] [Render thread/INFO] (FabricLoader/Mixin/audit) Force-loading class net.minecraft.world.level.chunk.LevelChunkSection$1BlockCounter
[07:05:19] [Render thread/INFO] (FabricLoader/Mixin/audit) Force-loading class net.minecraft.network.protocol.configuration.ServerboundSelectKnownPacks
[07:05:19] [Render thread/INFO] (FabricLoader/Mixin/audit) Force-loading class net.minecraft.client.renderer.chunk.RenderSectionRegion
[07:05:19] [Render thread/INFO] (FabricLoader/Mixin/audit) Force-loading class net.minecraft.server.players.PlayerList
[07:05:19] [Render thread/INFO] (FabricLoader/Mixin/audit) Force-loading class net.minecraft.data.recipes.BrewingRecipeBuilder
[07:05:19] [Render thread/INFO] (FabricLoader/Mixin/audit) Force-loading class net.minecraft.world.entity.ai.behavior.Swim
[07:05:19] [Render thread/INFO] (FabricLoader/Mixin/audit) Force-loading class net.minecraft.client.data.models.ModelProvider
[07:05:19] [Render thread/INFO] (FabricLoader/Mixin/audit) Force-loading class net.minecraft.client.gui.screens.worldselection.WorldOpenFlows
[07:05:19] [Render thread/INFO] (FabricLoader/Mixin/audit) Force-loading class net.minecraft.client.multiplayer.MultiPlayerGameMode
[07:05:19] [Render thread/INFO] (FabricLoader/Mixin/audit) Force-loading class net.minecraft.client.multiplayer.RegistryDataCollector$ContentsCollector
[07:05:19] [Render thread/INFO] (FabricLoader/Mixin/audit) Force-loading class net.minecraft.world.level.storage.loot.LootPool
[07:05:19] [Render thread/INFO] (FabricLoader/Mixin/audit) Force-loading class net.minecraft.server.network.ServerLoginPacketListenerImpl
[07:05:19] [Render thread/INFO] (FabricLoader/Mixin/audit) Force-loading class net.minecraft.world.inventory.RecipeBookType
[07:05:19] [Render thread/INFO] (FabricLoader/Mixin/audit) Force-loading class net.minecraft.server.level.ServerLevel$EntityCallbacks
[07:05:19] [Render thread/INFO] (FabricLoader/Mixin/audit) Force-loading class net.minecraft.client.multiplayer.KnownPacksManager
[07:05:19] [Render thread/INFO] (FabricLoader/Mixin/audit) Force-loading class net.minecraft.stats.ServerRecipeBook
[07:05:19] [Render thread/INFO] (FabricLoader/Mixin/audit) Force-loading class net.minecraft.world.CompoundContainer
[07:05:19] [Render thread/INFO] (FabricLoader/Mixin/audit) Force-loading class net.minecraft.data.tags.TagAppender$1
[07:05:19] [Render thread/INFO] (FabricLoader/Mixin/audit) Force-loading class net.minecraft.client.gui.components.toasts.AdvancementToast
[07:05:19] [Render thread/INFO] (FabricLoader/Mixin/audit) Force-loading class net.minecraft.network.PacketEncoder
[07:05:19] [Render thread/INFO] (FabricLoader/Mixin/audit) Force-loading class net.minecraft.data.recipes.SimpleCookingRecipeBuilder
[07:05:19] [Render thread/INFO] (FabricLoader/Mixin/audit) Force-loading class net.minecraft.client.renderer.LevelEventHandler
[07:05:19] [Render thread/INFO] (FabricLoader/Mixin/audit) Force-loading class net.minecraft.client.gui.screens.options.SoundOptionsScreen
[07:05:19] [Render thread/INFO] (FabricLoader/Mixin/audit) Force-loading class net.minecraft.stats.RecipeBookSettings$TypeSettings
[07:05:19] [Render thread/INFO] (FabricLoader/Mixin/audit) Force-loading class net.minecraft.data.recipes.ShapedRecipeBuilder
[07:05:19] [Render thread/INFO] (FabricLoader/Mixin/audit) Force-loading class net.minecraft.client.gui.screens.packs.TransferableSelectionList$PackEntry
[07:05:19] [Render thread/INFO] (FabricLoader/Mixin/audit) Force-loading class net.minecraft.commands.CommandSourceStack
[07:05:19] [Render thread/INFO] (FabricLoader/Mixin/audit) Force-loading class net.minecraft.world.food.FoodData
[07:05:20] [Render thread/INFO] (FabricLoader/Mixin/audit) Force-loading class net.minecraft.world.level.ServerExplosion
[07:05:20] [Render thread/INFO] (FabricLoader/Mixin/audit) Force-loading class net.minecraft.client.renderer.entity.state.EntityRenderState$LeashState
[07:05:20] [Render thread/INFO] (FabricLoader/Mixin/audit) Force-loading class com.zurrtum.create.foundation.recipe.trie.RecipeTrie
[07:05:20] [Render thread/INFO] (FabricLoader/Mixin/audit) Force-loading class net.minecraft.client.renderer.SkyRenderer
[07:05:20] [Render thread/INFO] (FabricLoader/Mixin/audit) Force-loading class net.minecraft.world.level.storage.TagValueOutput
[07:05:20] [Render thread/INFO] (FabricLoader/Mixin/audit) Force-loading class net.minecraft.core.component.DataComponentInitializers$1
[07:05:20] [Render thread/INFO] (FabricLoader/Mixin/audit) Force-loading class net.minecraft.world.item.enchantment.EnchantmentHelper
[07:05:20] [Render thread/INFO] (FabricLoader/Mixin/audit) Force-loading class net.minecraft.world.entity.ai.behavior.GiveGiftToHero
[07:05:20] [Render thread/INFO] (FabricLoader/Mixin/audit) Force-loading class com.zurrtum.create.client.foundation.model.SimpleModelPart
[07:05:20] [Render thread/INFO] (FabricLoader/Mixin/audit) Force-loading class net.minecraft.data.loot.BlockLootSubProvider
[07:05:20] [Render thread/INFO] (FabricLoader/Mixin/audit) Force-loading class net.minecraft.server.level.BlockDestructionProgress
[07:05:20] [Render thread/INFO] (FabricLoader/Mixin/audit) Force-loading class com.zurrtum.create.content.kinetics.belt.transport.BeltTunnelInteractionHandler
[07:05:20] [Render thread/INFO] (FabricLoader/Mixin/audit) Force-loading class net.fabricmc.fabric.impl.attachment.GlobalAttachmentsImpl
[07:05:20] [Render thread/INFO] (FabricLoader/Mixin/audit) Force-loading class net.minecraft.client.gui.screens.advancements.AdvancementTabType
[07:05:20] [Render thread/INFO] (FabricLoader/Mixin/audit) Force-loading class net.minecraft.resources.ResourceManagerRegistryLoadTask
[07:05:20] [Render thread/INFO] (FabricLoader/Mixin/audit) Force-loading class net.minecraft.client.gui.screens.advancements.AdvancementTab
[07:05:20] [Render thread/INFO] (FabricLoader/Mixin/audit) Force-loading class net.minecraft.world.entity.EntityFluidInteraction
[07:05:20] [Render thread/INFO] (FabricLoader/Mixin/audit) Force-loading class net.minecraft.client.multiplayer.ClientLevel$EntityCallbacks
[07:05:20] [Render thread/INFO] (FabricLoader/Mixin/audit) Force-loading class net.minecraft.data.registries.RegistryPatchGenerator
[07:05:20] [Render thread/INFO] (FabricLoader/Mixin/audit) Force-loading class net.minecraft.client.renderer.block.model.BlockStateModelWrapper
[07:05:20] [Render thread/INFO] (FabricLoader/Mixin/audit) Force-loading class net.minecraft.data.HashCache$ProviderCache
[07:05:20] [Render thread/INFO] (FabricLoader/Mixin/audit) Force-loading class net.minecraft.world.level.biome.Climate$Sampler
[07:05:20] [Render thread/INFO] (FabricLoader/Mixin/audit) Force-loading class net.minecraft.world.entity.ai.behavior.StartAttacking
[07:05:20] [Render thread/INFO] (FabricLoader/Mixin/audit) Force-loading class net.minecraft.world.level.chunk.LevelChunkSection
[07:05:20] [Render thread/INFO] (FabricLoader/Mixin/audit) Force-loading class net.minecraft.server.ServerFunctionLibrary
[07:05:20] [Render thread/INFO] (FabricLoader/Mixin/audit) Force-loading class net.minecraft.server.commands.data.BlockDataAccessor
[07:05:20] [Render thread/INFO] (FabricLoader/Mixin/audit) Force-loading class com.zurrtum.create.client.flywheel.lib.model.baked.BufferPoseEmitter
[07:05:20] [Render thread/INFO] (FabricLoader/Mixin/audit) Force-loading class net.minecraft.data.recipes.SmithingTrimRecipeBuilder
[07:05:20] [Render thread/INFO] (FabricLoader/Mixin/audit) Force-loading class net.minecraft.world.level.storage.TagValueInput
[07:05:20] [Render thread/INFO] (FabricLoader/Mixin/audit) Force-loading class net.minecraft.client.multiplayer.ClientChunkCache
[07:05:20] [Render thread/INFO] (FabricLoader/Mixin/audit) Force-loading class net.minecraft.world.damagesource.DamageSources
[07:05:20] [Render thread/INFO] (FabricLoader/Mixin/audit) Force-loading class net.minecraft.server.PlayerAdvancements
[07:05:20] [Render thread/INFO] (FabricLoader/Mixin/audit) Force-loading class net.minecraft.world.inventory.RemoteSlot$Synchronized
[07:05:20] [Render thread/INFO] (FabricLoader/Mixin/audit) Force-loading class net.minecraft.server.commands.GameRuleCommand
[07:05:20] [Render thread/INFO] (FabricLoader/Mixin/audit) Force-loading class com.zurrtum.create.client.flywheel.lib.model.baked.BufferColorPoseEmitter
[07:05:20] [Render thread/INFO] (FabricLoader/Mixin/audit) Force-loading class net.minecraft.tags.TagLoader
[07:05:20] [Render thread/INFO] (FabricLoader/Mixin/audit) Force-loading class net.minecraft.advancements.Advancement$Builder
[07:05:20] [Render thread/INFO] (FabricLoader/Mixin/audit) Force-loading class net.minecraft.server.commands.DebugConfigCommand
[07:05:20] [Render thread/INFO] (FabricLoader/Mixin/audit) Force-loading class net.minecraft.world.level.storage.loot.LootPool$Builder
[07:05:20] [Render thread/INFO] (FabricLoader/Mixin/audit) Force-loading class net.minecraft.client.renderer.chunk.RenderRegionCache
[07:05:20] [Render thread/INFO] (FabricLoader/Mixin/audit) Force-loading class net.minecraft.server.dedicated.DedicatedServer
[07:05:20] [Render thread/INFO] (FabricLoader/Mixin/audit) Force-loading class net.minecraft.world.level.chunk.LevelChunk$BoundTickingBlockEntity
[07:05:20] [Render thread/INFO] (FabricLoader/Mixin/audit) Force-loading class net.minecraft.data.tags.TagAppender
[07:05:20] [Render thread/INFO] (FabricLoader/Mixin/audit) Force-loading class com.zurrtum.create.foundation.recipe.trie.RecipeTrieFinder
[07:05:20] [Render thread/INFO] (FabricLoader/Mixin/audit) Force-loading class net.minecraft.world.item.crafting.RecipeAccess
[07:05:20] [Render thread/INFO] (FabricLoader/Mixin/audit) Force-loading class net.minecraft.server.commands.DataPackCommand
[07:05:20] [Render thread/INFO] (FabricLoader/Mixin/audit) Force-loading class net.minecraft.client.gui.screens.BackupConfirmScreen
[07:05:20] [Render thread/INFO] (FabricLoader/Mixin/audit) Force-loading class net.minecraft.client.gui.screens.packs.PackSelectionModel
[07:05:20] [Render thread/INFO] (FabricLoader/Mixin/audit) Force-loading class net.minecraft.network.protocol.BundlePacket
[07:05:20] [Render thread/INFO] (FabricLoader/Mixin/audit) Force-loading class net.minecraft.world.level.storage.SavedDataStorage
[07:05:20] [Render thread/INFO] (FabricLoader/Mixin/audit) Force-loading class net.minecraft.client.renderer.state.level.PlayerRenderState$ItemActivationRenderState
[07:05:20] [Render thread/INFO] (FabricLoader/Mixin/audit) Force-loading class net.minecraft.server.commands.HelpCommand
[07:05:20] [Render thread/INFO] (FabricLoader/Mixin/audit) Force-loading class net.minecraft.client.multiplayer.RegistryDataCollector
[07:05:20] [Render thread/INFO] (FabricLoader/Mixin/audit) Force-loading class net.minecraft.world.item.crafting.RecipeManager
[07:05:20] [Render thread/INFO] (FabricLoader/Mixin/audit) Force-loading class net.minecraft.tags.TagEntry
[07:05:20] [Render thread/INFO] (FabricLoader/Mixin/audit) Force-loading class com.zurrtum.create.content.fluids.pump.PumpBlockEntity$PumpFluidTransferBehaviour
[07:05:20] [Render thread/INFO] (FabricLoader/Mixin/audit) Force-loading class net.minecraft.stats.RecipeBookSettings
[07:05:20] [Render thread/INFO] (FabricLoader/Mixin/audit) Force-loading class net.minecraft.client.renderer.block.FluidRenderer
[07:05:20] [Render thread/INFO] (FabricLoader/Mixin/audit) Force-loading class net.minecraft.data.tags.TagsProvider
[07:05:20] [Render thread/INFO] (FabricLoader/Mixin/audit) Force-loading class net.minecraft.world.level.levelgen.WorldDimensions
[07:05:20] [Render thread/INFO] (FabricLoader/Mixin/audit) Force-loading class net.minecraft.server.level.ServerEntity
[07:05:20] [Render thread/INFO] (FabricLoader/Mixin/audit) Force-loading class net.minecraft.client.renderer.state.MapRenderState$MapDecorationRenderState
[07:05:20] [Render thread/INFO] (FabricLoader/Mixin/audit) Force-loading class net.minecraft.network.protocol.login.ServerboundCustomQueryAnswerPacket
[07:05:20] [Render thread/INFO] (FabricLoader/Mixin/audit) Force-loading class net.minecraft.util.debug.ServerDebugSubscribers
[07:05:20] [Render thread/INFO] (FabricLoader/Mixin/audit) Force-loading class net.minecraft.server.Main
[07:05:20] [Render thread/INFO] (FabricLoader/Mixin/audit) Force-loading class net.minecraft.world.level.chunk.storage.SerializableChunkData
[07:05:20] [Render thread/INFO] (FabricLoader/Mixin/audit) Force-loading class net.minecraft.data.recipes.RecipeOutput
[07:05:20] [Render thread/INFO] (FabricLoader/Mixin/audit) Force-loading class net.minecraft.client.renderer.state.gui.PanoramaRenderState
[07:05:20] [Render thread/INFO] (FabricLoader/Mixin/audit) Force-loading class net.minecraft.client.data.models.ModelProvider$BlockStateGeneratorCollector
[07:05:20] [Render thread/INFO] (FabricLoader/Mixin/audit) Force-loading class net.minecraft.data.advancements.packs.VanillaAdventureAdvancements
[07:05:20] [Render thread/INFO] (FabricLoader/Mixin/audit) Force-loading class net.minecraft.network.protocol.common.ServerboundCustomPayloadPacket
[07:05:20] [Render thread/INFO] (FabricLoader/Mixin/audit) Force-loading class net.minecraft.client.renderer.block.MovingBlockRenderState
[07:05:20] [Render thread/INFO] (FabricLoader/Mixin/audit) Force-loading class net.minecraft.client.gui.screens.worldselection.CreateWorldScreen
[07:05:20] [Render thread/INFO] (FabricLoader/Mixin/audit) Force-loading class net.minecraft.client.gui.screens.advancements.AdvancementWidget
[07:05:20] [Render thread/INFO] (FabricLoader/Mixin/audit) Force-loading class net.minecraft.commands.execution.tasks.BuildContexts
[07:05:20] [Render thread/INFO] (FabricLoader/Mixin/audit) Force-loading class net.minecraft.data.HashCache
[07:05:20] [Render thread/INFO] (FabricLoader/Mixin/audit) Force-loading class net.minecraft.server.commands.LocateCommand
[07:05:20] [Render thread/INFO] (FabricLoader/Mixin/audit) Force-loading class net.minecraft.data.recipes.BrewingProvider
[07:05:20] [Render thread/INFO] (FabricLoader/Mixin/audit) Force-loading class net.minecraft.client.gui.screens.recipebook.GhostSlots
[07:05:20] [Render thread/INFO] (FabricLoader/Mixin/audit) Force-loading class net.minecraft.server.network.PlayerChunkSender
[07:05:20] [Render thread/INFO] (FabricLoader/Mixin/audit) Force-loading class net.minecraft.world.level.chunk.status.ChunkStatusTasks
[07:05:20] [Render thread/INFO] (FabricLoader/Mixin/audit) Force-loading class net.minecraft.data.DataProvider
[07:05:20] [Render thread/INFO] (FabricLoader/Mixin/audit) Force-loading class net.minecraft.data.loot.EntityLootSubProvider
[07:05:20] [Render thread/INFO] (FabricLoader/Mixin/audit) Force-loading class net.minecraft.client.multiplayer.ClientAdvancements
[07:05:20] [Render thread/INFO] (FabricLoader/Mixin/audit) Force-loading class net.minecraft.core.MappedRegistry$3
[07:05:20] [Render thread/INFO] (FabricLoader/Mixin/audit) Force-loading class net.minecraft.server.network.config.SynchronizeRegistriesTask
[07:05:20] [Render thread/INFO] (FabricLoader/Mixin/audit) Force-loading class net.minecraft.core.MappedRegistry$2
[07:05:20] [Render thread/INFO] (FabricLoader/Mixin/audit) Force-loading class net.minecraft.data.tags.BlockItemTagAppender
[07:05:20] [Render thread/INFO] (FabricLoader/Mixin/audit) Force-loading class net.minecraft.data.registries.RegistriesDatapackGenerator
[07:05:20] [Render thread/INFO] (FabricLoader/Mixin/audit) Force-loading class net.minecraft.network.HashedStack$ActualItem
[07:05:20] [Render thread/INFO] (FabricLoader/Mixin/audit) Force-loading class net.minecraft.client.renderer.state.level.BlockBreakingRenderState
[07:05:20] [Render thread/INFO] (FabricLoader/Mixin/audit) Force-loading class net.minecraft.network.syncher.SynchedEntityData$Builder
[07:05:20] [Render thread/INFO] (FabricLoader/Mixin/audit) Force-loading class net.minecraft.client.renderer.entity.layers.CapeLayer
[07:05:20] [Render thread/INFO] (FabricLoader/Mixin/audit) Force-loading class com.zurrtum.create.foundation.blockEntity.behaviour.fluid.SmartFluidTankBehaviour
[07:05:20] [Render thread/INFO] (FabricLoader/Mixin/audit) Force-loading class net.minecraft.network.protocol.configuration.ConfigurationProtocols
[07:05:20] [Render thread/INFO] (FabricLoader/Mixin/audit) Force-loading class net.minecraft.commands.execution.CommandQueueEntry
[07:05:20] [Render thread/INFO] (FabricLoader/Mixin/audit) Force-loading class net.minecraft.data.recipes.RecipeProvider$1
[07:05:20] [Render thread/INFO] (FabricLoader/Mixin/audit) Force-loading class net.minecraft.gametest.framework.GameTestServer
[07:05:20] [Render thread/INFO] (FabricLoader/Mixin/audit) Force-loading class net.fabricmc.fabric.api.client.model.loading.v1.wrapper.WrapperBlockStateModel
[07:05:20] [Render thread/INFO] (FabricLoader/Mixin/audit) Force-loading class net.minecraft.client.gui.screens.worldselection.AbstractGameRulesScreen$RuleList
[07:05:20] [Render thread/INFO] (FabricLoader/Mixin/audit) Force-loading class net.minecraft.client.gui.screens.ConnectScreen
[07:05:20] [Render thread/INFO] (FabricLoader/Mixin/audit) Force-loading class net.minecraft.client.renderer.SubmitNodeCollection
[07:05:20] [Render thread/INFO] (FabricLoader/Mixin/audit) Force-loading class com.zurrtum.create.client.flywheel.lib.model.baked.BufferAoPoseEmitter
[07:05:20] [Render thread/INFO] (FabricLoader/Mixin/audit) Force-loading class net.minecraft.data.recipes.SpecialRecipeBuilder
[07:05:20] [Render thread/INFO] (FabricLoader/Mixin/audit) Force-loading class net.minecraft.server.commands.GameRuleCommand$1
[07:05:20] [Render thread/INFO] (FabricLoader/Mixin/audit) Force-loading class net.minecraft.client.player.FirstPersonHandsAndItems
[07:05:20] [Render thread/INFO] (FabricLoader/Mixin/audit) Force-loading class net.minecraft.server.ReloadableServerRegistries
[07:05:20] [Render thread/INFO] (FabricLoader/Mixin/audit) Force-loading class net.minecraft.server.level.ChunkHolder
[07:05:20] [Render thread/INFO] (FabricLoader/Mixin/audit) Force-loading class net.minecraft.client.gui.screens.inventory.CreativeModeInventoryScreen
[07:05:20] [Render thread/INFO] (FabricLoader/Mixin/audit) Force-loading class net.minecraft.client.multiplayer.ClientSuggestionProvider
[07:05:20] [Render thread/INFO] (FabricLoader/Mixin/audit) Force-loading class net.minecraft.server.level.ChunkMap
[07:05:20] [Render thread/INFO] (FabricLoader/Mixin/audit) Force-loading class net.minecraft.network.PacketDecoder
[07:05:20] [Render thread/INFO] (FabricLoader/Mixin/audit) Force-loading class net.minecraft.data.recipes.ShapelessRecipeBuilder
[07:05:20] [Render thread/INFO] (FabricLoader/Mixin/audit) Force-loading class net.minecraft.data.recipes.CustomCraftingRecipeBuilder
[07:05:20] [Render thread/INFO] (FabricLoader/Mixin/audit) Force-loading class net.minecraft.world.level.levelgen.structure.templatesystem.StructureTemplate
[07:05:20] [Render thread/INFO] (FabricLoader/Mixin/audit) Force-loading class net.minecraft.client.player.RemotePlayer
[07:05:20] [Render thread/INFO] (FabricLoader/Mixin/audit) Force-loading class net.minecraft.tags.TagFile
[07:05:20] [Render thread/INFO] (FabricLoader/Mixin/audit) Force-loading class com.zurrtum.create.client.flywheel.lib.model.baked.ItemModelRenderHelper
[07:05:20] [Render thread/INFO] (FabricLoader/Mixin/audit) Force-loading class net.minecraft.client.gui.screens.inventory.HangingSignEditScreen
[07:05:20] [Render thread/INFO] (FabricLoader/Mixin/audit) Force-loading class net.minecraft.client.multiplayer.ClientRecipeContainer
[07:05:20] [Render thread/INFO] (FabricLoader/Mixin/audit) Force-loading class net.minecraft.client.gui.screens.debug.DebugOptionsScreen$OptionList
[07:05:20] [Render thread/INFO] (FabricLoader/Mixin/audit) Force-loading class net.minecraft.network.protocol.game.GameProtocols
[07:05:20] [Render thread/INFO] (FabricLoader/Mixin/audit) Force-loading class net.minecraft.world.entity.boss.enderdragon.phases.AbstractDragonSittingPhase
[07:05:20] [Render thread/INFO] (FabricLoader/Mixin/audit) Force-loading class net.minecraft.client.renderer.block.BlockModelRenderState
[07:05:20] [Render thread/INFO] (FabricLoader/Mixin/audit) Force-loading class net.minecraft.server.level.ChunkMap$TrackedEntity
[07:05:20] [Render thread/INFO] (FabricLoader/Mixin/audit) Force-loading class net.minecraft.world.item.Item$TooltipContext$2
[07:05:20] [Render thread/INFO] (FabricLoader/Mixin/audit) Force-loading class net.minecraft.world.level.pathfinder.PathfindingContext
[07:05:20] [Render thread/INFO] (FabricLoader/Mixin/audit) Force-loading class net.minecraft.world.level.entity.PersistentEntitySectionManager
[07:05:20] [Render thread/INFO] (FabricLoader/Mixin/audit) Force-loading class com.zurrtum.create.content.kinetics.belt.behaviour.BeltProcessingBehaviour
[07:05:20] [Render thread/INFO] (FabricLoader/Mixin/audit) Force-loading class net.minecraft.data.recipes.SingleItemRecipeBuilder
[07:05:20] [Render thread/INFO] (FabricLoader/Mixin/audit) Force-loading class net.minecraft.world.level.saveddata.maps.MapItemSavedData
[07:05:20] [Render thread/INFO] (FabricLoader/Mixin/audit) Force-loading class com.zurrtum.create.client.foundation.model.BakedModelHelper
[07:05:20] [Render thread/INFO] (FabricLoader/Mixin/audit) Force-loading class net.minecraft.world.level.redstone.CollectingNeighborUpdater$MultiNeighborUpdate
[07:05:20] [Render thread/INFO] (FabricLoader/Mixin/audit) Force-loading class net.minecraft.client.gui.screens.worldselection.AbstractGameRulesScreen
[07:05:20] [Render thread/INFO] (FabricLoader/Mixin/audit) Force-loading class net.minecraft.client.renderer.block.FluidStateModelSet
[07:05:20] [Render thread/INFO] (FabricLoader/Mixin/audit) Force-loading class net.minecraft.world.level.redstone.ExperimentalRedstoneWireEvaluator
[07:05:20] [Render thread/INFO] (FabricLoader/Mixin/audit) Force-loading class net.minecraft.server.commands.data.EntityDataAccessor
[07:05:20] [Render thread/INFO] (FabricLoader/Mixin/audit) Force-loading class net.minecraft.server.network.ServerHandshakePacketListenerImpl
[07:05:20] [Render thread/INFO] (FabricLoader/Mixin/audit) Force-loading class com.jesz.createdieselgenerators.world.OilChunksSavedData
[07:05:20] [Render thread/INFO] (FabricLoader/Mixin/audit) Force-loading class net.minecraft.client.renderer.block.BlockModelLighter
[07:05:20] [Render thread/INFO] (FabricLoader/Mixin/audit) Force-loading class net.minecraft.world.level.pathfinder.WalkNodeEvaluator
[07:05:20] [Render thread/INFO] (FabricLoader/Mixin/audit) Force-loading class net.minecraft.data.recipes.TransmuteRecipeBuilder
[07:05:20] [Render thread/INFO] (FabricLoader/Mixin/audit) Force-loading class net.minecraft.world.level.chunk.ImposterProtoChunk
[07:05:20] [Render thread/INFO] (FabricLoader/Mixin/audit) Force-loading class net.minecraft.client.model.geom.ModelPart
[07:05:20] [Render thread/INFO] (FabricLoader/Mixin/audit) Force-loading class net.minecraft.client.renderer.feature.RenderTypeFeatureRenderer$Group
[07:05:20] [Render thread/INFO] (FabricLoader/Mixin/audit) Force-loading class net.minecraft.client.renderer.block.ModelBlockRenderer
[07:05:20] [Render thread/INFO] (FabricLoader/Mixin/audit) Force-loading class net.minecraft.client.gui.screens.recipebook.SearchRecipeBookCategory
[07:05:20] [Render thread/INFO] (FabricLoader/Mixin/audit) Force-loading class net.minecraft.commands.Commands
[07:05:20] [Render thread/INFO] (FabricLoader/Mixin/audit) Force-loading class net.minecraft.world.level.entity.PersistentEntitySectionManager$Callback
[07:05:20] [Render thread/INFO] (FabricLoader/Mixin/audit) Force-loading class net.minecraft.client.gui.screens.debug.DebugOptionsScreen$OptionEntry
[07:05:20] [Render thread/INFO] (FabricLoader/Mixin/audit) Force-loading class net.minecraft.util.ParticleUtils
[07:05:20] [Render thread/INFO] (FabricLoader/Mixin/audit) Force-loading class net.minecraft.world.level.levelgen.RandomState
[07:05:20] [Render thread/INFO] (FabricLoader/Mixin/audit) Force-loading class net.minecraft.client.gui.screens.inventory.SignEditScreen
[07:05:20] [Render thread/INFO] (FabricLoader/Mixin/audit) Force-loading class net.minecraft.client.gui.screens.worldselection.AbstractGameRulesScreen$RuleList$1
[07:05:20] [Render thread/INFO] (FabricLoader/Mixin/audit) Force-loading class net.minecraft.server.ReloadableServerResources
[07:05:20] [Render thread/INFO] (FabricLoader/Mixin/audit) Force-loading class net.minecraft.server.commands.WeatherCommand
[07:05:20] [Render thread/INFO] (FabricLoader/Mixin/audit) Force-loading class com.zurrtum.create.foundation.recipe.RecipeFinder
[07:05:20] [Render thread/INFO] (FabricLoader/Mixin/audit) Force-loading class net.minecraft.client.renderer.chunk.SectionCompiler
[07:05:20] [Render thread/INFO] (FabricLoader/Mixin/audit) Force-loading class net.minecraft.tags.TagBuilder
[07:05:20] [Render thread/INFO] (FabricLoader/Mixin/audit) Force-loading class net.minecraft.client.data.models.ModelProvider$ItemInfoCollector
[07:05:20] [Render thread/INFO] (FabricLoader/Mixin/audit) Force-loading class com.zurrtum.create.content.kinetics.belt.transport.BeltInventory
[07:05:20] [Render thread/INFO] (FabricLoader/Mixin/audit) Force-loading class net.minecraft.util.LightCoordsUtil
[07:05:20] [Render thread/INFO] (FabricLoader/Mixin/audit) Force-loading class com.zurrtum.create.client.flywheel.lib.model.baked.ModelRenderHelper
[07:05:20] [Render thread/INFO] (FabricLoader/Mixin/audit) Force-loading class net.minecraft.client.multiplayer.ClientDebugSubscriber
[07:05:20] [Render thread/INFO] (FabricLoader/Mixin/audit) Force-loading class net.minecraft.world.level.block.RailState
[07:05:20] [Render thread/INFO] (FabricLoader/Mixin/audit) Force-loading class net.minecraft.server.dedicated.ServerWatchdog
[07:05:20] [Render thread/INFO] (FabricLoader/Mixin/audit) Force-loading class net.minecraft.world.entity.ai.behavior.WorkAtComposter
[07:05:20] [Render thread/INFO] (FabricLoader/Mixin/audit) Force-loading class net.minecraft.resources.RegistryLoadTask$PendingRegistration
[07:05:20] [Render thread/INFO] (FabricLoader/Mixin/audit) Force-loading class net.minecraft.client.multiplayer.ClientLevel$ClientLevelData
[07:05:20] [Render thread/INFO] (FabricLoader/Mixin/audit) Force-loading class net.minecraft.server.commands.EnchantCommand
[07:05:20] [Render thread/INFO] (FabricLoader/Mixin/audit) Force-loading class net.minecraft.server.dedicated.DedicatedServerProperties
[07:05:20] [Render thread/INFO] (FabricLoader/Mixin/audit) Force-loading class net.minecraft.server.level.ServerPlayerGameMode
[07:05:20] [Render thread/INFO] (FabricLoader/Mixin/audit) Force-loading class net.minecraft.world.clock.ServerClockManager
[07:05:20] [Render thread/INFO] (FabricLoader/Mixin/audit) Force-loading class net.minecraft.server.WorldLoader
[07:05:20] [Render thread/INFO] (FabricLoader/Mixin/audit) Force-loading class net.minecraft.client.renderer.block.BlockStateModelSet
[07:05:20] [Render thread/INFO] (FabricLoader/Mixin/audit) Force-loading class com.zurrtum.create.content.kinetics.fan.processing.FanProcessing
[07:05:20] [Render thread/INFO] (FabricLoader/Mixin/audit) Force-loading class com.zurrtum.create.content.fluids.FluidPropagator
[07:05:20] [Render thread/INFO] (FabricLoader/Mixin/audit) Force-loading class net.minecraft.world.level.pathfinder.PathFinder
[07:05:20] [Render thread/INFO] (FabricLoader/Mixin/audit) Force-loading class com.mojang.brigadier.context.ContextChain
[07:05:20] [Render thread/INFO] (FabricLoader/Mixin/audit) Force-loading class net.minecraft.network.codec.IdDispatchCodec
[07:05:20] [Render thread/INFO] (FabricLoader/Mixin/audit) Force-loading class net.minecraft.network.protocol.login.ClientboundCustomQueryPacket
[07:05:20] [Render thread/INFO] (Create) [MixinAudit] audit finished
[07:05:21] [Worker-Main-2/WARN] (Minecraft) Missing textures in model ntgl:item/t45_body:
    nukacraft:item/power_armor/t45/t45_body
[07:05:21] [Worker-Main-2/WARN] (Minecraft) Missing textures in model ntgl:item/mini_nuke:
    ntgl:guns/fatman/mini_nuke
[07:05:21] [Worker-Main-2/WARN] (Minecraft) Missing textures in model ntgl:item/silencer:
    ntgl:item/silencer
[07:05:21] [Worker-Main-2/WARN] (Minecraft) Missing textures in model ntgl:item/t45_helmet:
    nukacraft:item/power_armor/t45/t45_helmet
[07:05:21] [Worker-Main-2/WARN] (Minecraft) Missing textures in model ntgl:item/t45_left_arm:
    nukacraft:item/power_armor/t45/t45_left_arm
[07:05:21] [Worker-Main-2/WARN] (Minecraft) Missing textures in model ntgl:item/t45_right_leg:
    nukacraft:item/power_armor/t45/t45_right_leg
[07:05:21] [Worker-Main-2/WARN] (Minecraft) Missing textures in model ntgl:item/shotshell:
    ntgl:item/shotshell
[07:05:21] [Worker-Main-2/WARN] (Minecraft) Missing textures in model ntgl:item/t45_right_arm:
    nukacraft:item/power_armor/t45/t45_right_arm
[07:05:21] [Worker-Main-2/WARN] (Minecraft) Missing textures in model ntgl:item/t45_left_leg:
    nukacraft:item/power_armor/t45/t45_left_leg
[07:05:21] [Worker-Main-2/WARN] (Minecraft) Missing texture references in model ntgl:item/hammer:
    particle
[07:05:21] [Worker-Main-2/WARN] (Minecraft) Missing texture references in model create_hypertube:block/hypertube_entrance/cogwheel_hole:
    particle
[07:05:21] [Worker-Main-2/WARN] (Minecraft) Missing texture references in model ntgl:item/scout10mm:
    particle
[07:05:21] [Worker-Main-2/WARN] (Minecraft) Missing texture references in model ntgl:item/powdergun:
    particle
[07:05:21] [Worker-Main-2/WARN] (Minecraft) Missing texture references in model ntgl:item/revolver:
    particle
[07:05:21] [Worker-Main-2/WARN] (Minecraft) Missing texture references in model ntgl:item/pipepistol:
    particle
[07:05:21] [Worker-Main-2/WARN] (Minecraft) Missing texture references in model ntgl:item/piperevolver:
    particle
[07:05:21] [Worker-Main-2/WARN] (Minecraft) Missing texture references in model ntgl:item/gatling:
    particle
[07:05:21] [Worker-Main-2/WARN] (Minecraft) Missing texture references in model ntgl:item/flamer:
    particle
[07:05:21] [Worker-Main-2/WARN] (Minecraft) Missing texture references in model ntgl:item/classic10mm:
    particle
[07:05:21] [Worker-Main-2/WARN] (Minecraft) Missing texture references in model ntgl:item/pistol10mm:
    particle
[07:05:21] [Worker-Main-2/WARN] (Minecraft) Missing texture references in model ntgl:item/grenade:
    particle
[07:05:21] [Worker-Main-2/WARN] (Minecraft) Missing texture references in model ntgl:item/shotgun:
    particle
[07:05:21] [Worker-Main-2/WARN] (Minecraft) Missing texture references in model ntgl:item/fatman:
    particle
[07:05:21] [Worker-Main-2/WARN] (Minecraft) Missing texture references in model ntgl:item/deathclaw_gauntlet:
    particle
[07:05:21] [Worker-Main-2/WARN] (Minecraft) Missing texture references in model ntgl:item/minigun:
    particle
[07:05:21] [Worker-Main-2/WARN] (Minecraft) Missing model for variant: 'Block{the_sift:ichor}[level=0]'
[07:05:21] [Worker-Main-2/WARN] (Minecraft) Missing model for variant: 'Block{the_sift:ichor}[level=1]'
[07:05:21] [Worker-Main-2/WARN] (Minecraft) Missing model for variant: 'Block{the_sift:ichor}[level=2]'
[07:05:21] [Worker-Main-2/WARN] (Minecraft) Missing model for variant: 'Block{the_sift:ichor}[level=3]'
[07:05:21] [Worker-Main-2/WARN] (Minecraft) Missing model for variant: 'Block{the_sift:ichor}[level=4]'
[07:05:21] [Worker-Main-2/WARN] (Minecraft) Missing model for variant: 'Block{the_sift:ichor}[level=5]'
[07:05:21] [Worker-Main-2/WARN] (Minecraft) Missing model for variant: 'Block{the_sift:ichor}[level=6]'
[07:05:21] [Worker-Main-2/WARN] (Minecraft) Missing model for variant: 'Block{the_sift:ichor}[level=7]'
[07:05:21] [Worker-Main-2/WARN] (Minecraft) Missing model for variant: 'Block{the_sift:ichor}[level=8]'
[07:05:21] [Worker-Main-2/WARN] (Minecraft) Missing model for variant: 'Block{the_sift:ichor}[level=9]'
[07:05:21] [Worker-Main-2/WARN] (Minecraft) Missing model for variant: 'Block{the_sift:ichor}[level=10]'
[07:05:21] [Worker-Main-2/WARN] (Minecraft) Missing model for variant: 'Block{the_sift:ichor}[level=11]'
[07:05:21] [Worker-Main-2/WARN] (Minecraft) Missing model for variant: 'Block{the_sift:ichor}[level=12]'
[07:05:21] [Worker-Main-2/WARN] (Minecraft) Missing model for variant: 'Block{the_sift:ichor}[level=13]'
[07:05:21] [Worker-Main-2/WARN] (Minecraft) Missing model for variant: 'Block{the_sift:ichor}[level=14]'
[07:05:21] [Worker-Main-2/WARN] (Minecraft) Missing model for variant: 'Block{the_sift:ichor}[level=15]'
ALSA lib confmisc.c:855:(parse_card) cannot find card '0'
ALSA lib conf.c:5208:(_snd_config_evaluate) function snd_func_card_inum returned error: No such file or directory
ALSA lib confmisc.c:422:(snd_func_concat) error evaluating strings
ALSA lib conf.c:5208:(_snd_config_evaluate) function snd_func_concat returned error: No such file or directory
ALSA lib confmisc.c:1342:(snd_func_refer) error evaluating name
ALSA lib conf.c:5208:(_snd_config_evaluate) function snd_func_refer returned error: No such file or directory
ALSA lib conf.c:5731:(snd_config_expand) Evaluate error: No such file or directory
[07:05:22] [Render thread/ERROR] (Minecraft) Error starting SoundSystem. Turning off sounds & music
ALSA lib pcm.c:2721:(snd_pcm_open_noupdate) Unknown PCM default

ALSA lib confmisc.c:855:(parse_card) cannot find card '0'
java.lang.IllegalStateException: Failed to open OpenAL device
ALSA lib conf.c:5208:(_snd_config_evaluate) function snd_func_card_inum returned error: No such file or directory
	at knot//com.mojang.blaze3d.audio.Library.openDeviceOrFallback(Library.java:274)
ALSA lib confmisc.c:422:(snd_func_concat) error evaluating strings
	at knot//com.mojang.blaze3d.audio.Library.init(Library.java:149)
ALSA lib conf.c:5208:(_snd_config_evaluate) function snd_func_concat returned error: No such file or directory
	at knot//net.minecraft.client.sounds.SoundEngine.loadLibrary(SoundEngine.java:121)
ALSA lib confmisc.c:1342:(snd_func_refer) error evaluating name
	at knot//net.minecraft.client.sounds.SoundEngine.reload(SoundEngine.java:110)
ALSA lib conf.c:5208:(_snd_config_evaluate) function snd_func_refer returned error: No such file or directory
	at knot//net.minecraft.client.sounds.SoundManager.apply(SoundManager.java:122)
ALSA lib conf.c:5731:(snd_config_expand) Evaluate error: No such file or directory
	at knot//net.minecraft.client.sounds.SoundManager.apply(SoundManager.java:41)
ALSA lib pcm.c:2721:(snd_pcm_open_noupdate) Unknown PCM default
	at knot//net.minecraft.server.packs.resources.SimplePreparableReloadListener.lambda$reload$1(SimplePreparableReloadListener.java:15)
	at java.base/java.util.concurrent.CompletableFuture$UniAccept.tryFire(CompletableFuture.java:739)
	at java.base/java.util.concurrent.CompletableFuture$Completion.run(CompletableFuture.java:503)
	at knot//net.minecraft.server.packs.resources.SimpleReloadInstance.lambda$prepareTasks$3(SimpleReloadInstance.java:59)
	at knot//net.minecraft.util.thread.BlockableEventLoop.doRunTask(BlockableEventLoop.java:173)
	at knot//net.minecraft.util.thread.ReentrantBlockableEventLoop.doRunTask(ReentrantBlockableEventLoop.java:23)
	at knot//net.minecraft.util.thread.BlockableEventLoop.pollTask(BlockableEventLoop.java:147)
	at knot//net.minecraft.util.thread.BlockableEventLoop.runAllTasks(BlockableEventLoop.java:127)
	at knot//net.minecraft.client.Minecraft.runTick(Minecraft.java:1240)
	at knot//net.minecraft.client.Minecraft.run(Minecraft.java:967)
	at knot//net.minecraft.client.main.Main.main(Main.java:292)
	at net.fabricmc.loader.impl.game.minecraft.MinecraftGameProvider.launch(MinecraftGameProvider.java:517)
	at net.fabricmc.loader.impl.launch.knot.Knot.launch(Knot.java:72)
	at net.fabricmc.loader.impl.launch.knot.KnotClient.main(KnotClient.java:23)
	at net.fabricmc.devlaunchinjector.Main.main(Main.java:86)
[07:05:22] [Render thread/INFO] (Minecraft) Created: 1024x512x0 minecraft:textures/atlas/particles.png-atlas
[07:05:22] [Render thread/INFO] (Minecraft) Created: 256x128x0 minecraft:textures/atlas/celestials.png-atlas
[07:05:22] [Render thread/INFO] (Minecraft) Created: 128x128x0 minecraft:textures/atlas/decorated_pot.png-atlas
[07:05:22] [Render thread/INFO] (Minecraft) Created: 512x256x0 minecraft:textures/atlas/paintings.png-atlas
[07:05:22] [Render thread/INFO] (Minecraft) Created: 1024x512x0 minecraft:textures/atlas/shield_patterns.png-atlas
[07:05:22] [Render thread/INFO] (Minecraft) Created: 1024x512x0 minecraft:textures/atlas/banner_patterns.png-atlas
[07:05:22] [Render thread/INFO] (Minecraft) Created: 4096x4096x4 minecraft:textures/atlas/blocks.png-atlas
[07:05:23] [Render thread/INFO] (Minecraft) Created: 1024x1024x0 minecraft:textures/atlas/items.png-atlas
[07:05:23] [Render thread/INFO] (Minecraft) Created: 1024x1024x0 minecraft:textures/atlas/gui.png-atlas
[07:05:23] [Render thread/INFO] (Minecraft) Created: 128x64x0 minecraft:textures/atlas/map_decorations.png-atlas
[07:05:23] [Render thread/INFO] (Minecraft) Created: 512x512x0 minecraft:textures/atlas/chest.png-atlas
[07:05:23] [Render thread/INFO] (Minecraft) Created: 512x512x0 minecraft:textures/atlas/shulker_boxes.png-atlas
[07:05:23] [Render thread/INFO] (flywheel/backend/shaders) Loaded 81 shader sources in 23.567 ms
[07:05:23] [Render thread/INFO] (Create) Loaded 59 train hat configurations.
[07:05:23] [Render thread/INFO] (GeckoLib) Loaded 45 models and 37 animations from resources
[07:05:23] [Render thread/INFO] (Minecraft) Connecting to localhost, 25565
[07:05:25] [Render thread/INFO] (Create) Created 13 recipes which will be injected into the game
[07:05:26] [Render thread/INFO] (flywheel) Started 1 worker threads
[07:05:26] [Render thread/INFO] (Minecraft) Loaded 19 advancements
[07:05:27] [Render thread/WARN] (Minecraft) Requested post effect does not exist: minecraft:end_of_frame
[07:05:28] [Render thread/INFO] (Minecraft) OpenGL debug message: id=2, source=SHADER COMPILER, type=OTHER, severity=HIGH, message='10:3(22): warning: `flw_vertexPos' used uninitialized'
[07:05:28] [Render thread/INFO] (Minecraft) OpenGL debug message: id=3, source=SHADER COMPILER, type=OTHER, severity=HIGH, message='0:24(10): warning: `_flw_uberFogIndex' used uninitialized'
[07:05:28] [Render thread/INFO] (Minecraft) OpenGL debug message: id=4, source=SHADER COMPILER, type=OTHER, severity=HIGH, message='20:73(6): warning: `flw_material' used uninitialized'
[07:05:28] [Render thread/INFO] (Minecraft) OpenGL debug message: id=5, source=SHADER COMPILER, type=OTHER, severity=HIGH, message='20:75(13): warning: `flw_material' used uninitialized'
[07:05:28] [Render thread/INFO] (Minecraft) OpenGL debug message: id=6, source=SHADER COMPILER, type=OTHER, severity=HIGH, message='20:115(6): warning: `flw_material' used uninitialized'
[07:05:28] [Render thread/INFO] (Minecraft) OpenGL debug message: id=7, source=SHADER COMPILER, type=OTHER, severity=HIGH, message='20:121(6): warning: `flw_material' used uninitialized'
[07:05:28] [Render thread/INFO] (Minecraft) Resizing Dynamic Transforms UBO, capacity limit of 2 reached during a single frame. New capacity will be 4.
[07:05:29] [Render thread/INFO] (Minecraft) Resizing Dynamic Transforms UBO, capacity limit of 4 reached during a single frame. New capacity will be 8.
[07:05:30] [Render thread/INFO] (Minecraft) OpenGL debug message: id=8, source=SHADER COMPILER, type=OTHER, severity=HIGH, message='10:1(27): warning: `flw_vertexPos' used uninitialized'
[07:05:30] [Render thread/INFO] (Minecraft) OpenGL debug message: id=9, source=SHADER COMPILER, type=OTHER, severity=HIGH, message='10:2(56): warning: `flw_vertexNormal' used uninitialized'
[07:05:30] [Render thread/INFO] (Minecraft) OpenGL debug message: id=10, source=SHADER COMPILER, type=OTHER, severity=HIGH, message='10:6(47): warning: `flw_vertexLight' used uninitialized'
[07:05:31] [Render thread/INFO] (Minecraft) Resizing Chunk Sections Command Buffer, capacity limit of 2 reached during a single frame. New capacity will be 16.
[07:05:31] [Render thread/INFO] (Minecraft) Resizing Chunk Sections Instanced, capacity limit of 2 reached during a single frame. New capacity will be 8.
[07:05:33] [Render thread/INFO] (Minecraft) Resizing Chunk Sections Instanced, capacity limit of 8 reached during a single frame. New capacity will be 16.
[07:05:34] [Render thread/INFO] (Minecraft) Resizing Chunk Sections Command Buffer, capacity limit of 16 reached during a single frame. New capacity will be 64.
[07:05:34] [Render thread/INFO] (Minecraft) Resizing Chunk Sections Instanced, capacity limit of 16 reached during a single frame. New capacity will be 32.
[07:05:35] [Render thread/INFO] (Minecraft) Resizing Chunk Sections Command Buffer, capacity limit of 64 reached during a single frame. New capacity will be 128.
[07:05:35] [Render thread/INFO] (Minecraft) Resizing Chunk Sections Instanced, capacity limit of 32 reached during a single frame. New capacity will be 64.
[07:05:37] [Render thread/INFO] (Minecraft) Resizing Chunk Sections Command Buffer, capacity limit of 128 reached during a single frame. New capacity will be 256.
[07:05:37] [Render thread/INFO] (Minecraft) Resizing Chunk Sections Instanced, capacity limit of 64 reached during a single frame. New capacity will be 128.
[07:05:40] [Render thread/INFO] (Minecraft) Resizing Chunk Sections Command Buffer, capacity limit of 256 reached during a single frame. New capacity will be 512.
[07:05:40] [Render thread/INFO] (Minecraft) Resizing Chunk Sections Instanced, capacity limit of 128 reached during a single frame. New capacity will be 256.
[07:05:40] [Render thread/INFO] (Minecraft) OpenGL debug message: id=11, source=SHADER COMPILER, type=OTHER, severity=HIGH, message='0:24(10): warning: `_flw_uberFogIndex' used uninitialized'
[07:05:40] [Render thread/INFO] (Minecraft) OpenGL debug message: id=12, source=SHADER COMPILER, type=OTHER, severity=HIGH, message='0:41(10): warning: `_flw_uberCutoutIndex' used uninitialized'
[07:05:40] [Render thread/INFO] (Minecraft) OpenGL debug message: id=13, source=SHADER COMPILER, type=OTHER, severity=HIGH, message='19:73(6): warning: `flw_material' used uninitialized'
[07:05:40] [Render thread/INFO] (Minecraft) OpenGL debug message: id=14, source=SHADER COMPILER, type=OTHER, severity=HIGH, message='19:75(13): warning: `flw_material' used uninitialized'
[07:05:40] [Render thread/INFO] (Minecraft) OpenGL debug message: id=15, source=SHADER COMPILER, type=OTHER, severity=HIGH, message='19:115(6): warning: `flw_material' used uninitialized'
[07:05:40] [Render thread/INFO] (Minecraft) OpenGL debug message: id=16, source=SHADER COMPILER, type=OTHER, severity=HIGH, message='19:121(6): warning: `flw_material' used uninitialized'
[07:05:40] [Render thread/INFO] (Minecraft) OpenGL debug message: id=17, source=SHADER COMPILER, type=OTHER, severity=HIGH, message='10:1(27): warning: `flw_vertexPos' used uninitialized'
[07:05:40] [Render thread/INFO] (Minecraft) OpenGL debug message: id=18, source=SHADER COMPILER, type=OTHER, severity=HIGH, message='10:2(56): warning: `flw_vertexNormal' used uninitialized'
[07:05:40] [Render thread/INFO] (Minecraft) OpenGL debug message: id=19, source=SHADER COMPILER, type=OTHER, severity=HIGH, message='10:6(47): warning: `flw_vertexLight' used uninitialized'
[07:06:07] [Render thread/INFO] (Minecraft) [System] [CHAT] Your game mode has been updated to Survival Mode
[07:06:07] [Render thread/INFO] (Minecraft) [System] [CHAT] Player492 has made the advancement [Hot Stuff]
[07:06:07] [Render thread/INFO] (Minecraft) Loaded 28 advancements

> Task :runClient FAILED
gradle/actions: Writing build results to /home/runner/work/_temp/.gradle-actions/build-results/__run_4-1791443090179.json

[Incubating] Problems report is available at: file:///home/runner/work/SIFTEC/SIFTEC/build/reports/problems/problems-report.html

FAILURE: Build failed with an exception.

* What went wrong:
Execution failed for task ':runClient' (registered by plugin 'fabric-loom').
> Process 'command '/usr/lib/jvm/temurin-25-jdk-amd64/bin/java'' finished with non-zero exit value 143 (this value may indicate that the process was terminated with the SIGTERM signal)

* Try:
> Run with --stacktrace option to get the stack trace.
> Run with --info or --debug option to get more log output.
> Run with --scan to get full insights from a Build Scan (powered by Develocity).
> Get more help at https://help.gradle.org.

BUILD FAILED in 1m 25s
6 actionable tasks: 5 executed, 1 up-to-date
EXIT 1
